timestamp,open,high,low,close,volume,source,symbol,interval
2023-01-18 00:00:00+00:00,21132.29,21650.0,20407.15,20677.47,350916.01949,binance,BTCUSDT,1d
2023-01-19 00:00:00+00:00,20677.47,21192.0,20659.19,21071.59,251385.84925,binance,BTCUSDT,1d
2023-01-20 00:00:00+00:00,21071.59,22755.93,20861.28,22667.21,338079.13659,binance,BTCUSDT,1d
2023-01-21 00:00:00+00:00,22666.0,23371.8,22422.0,22783.55,346445.48432,binance,BTCUSDT,1d
2023-01-22 00:00:00+00:00,22783.35,23078.71,22292.37,22707.88,253577.75286,binance,BTCUSDT,1d
2023-01-23 00:00:00+00:00,22706.02,23180.0,22500.0,22916.45,293588.37938,binance,BTCUSDT,1d
2023-01-24 00:00:00+00:00,22917.81,23162.2,22462.93,22632.89,293158.78254,binance,BTCUSDT,1d
2023-01-25 00:00:00+00:00,22631.94,23816.73,22300.0,23060.94,346042.83223,binance,BTCUSDT,1d
2023-01-26 00:00:00+00:00,23060.42,23282.47,22850.01,23009.65,288924.43581,binance,BTCUSDT,1d
2023-01-27 00:00:00+00:00,23009.65,23500.0,22534.88,23074.16,280833.86315,binance,BTCUSDT,1d
2023-01-28 00:00:00+00:00,23074.16,23189.0,22878.46,23022.6,148115.71085,binance,BTCUSDT,1d
2023-01-29 00:00:00+00:00,23021.4,23960.54,22967.76,23742.3,295688.79204,binance,BTCUSDT,1d
2023-01-30 00:00:00+00:00,23743.37,23800.51,22500.0,22826.15,302405.90121,binance,BTCUSDT,1d
2023-01-31 00:00:00+00:00,22827.38,23320.0,22714.77,23125.13,264649.34909,binance,BTCUSDT,1d
2023-02-01 00:00:00+00:00,23125.13,23812.66,22760.23,23732.66,310790.42271,binance,BTCUSDT,1d
2023-02-02 00:00:00+00:00,23731.41,24255.0,23363.27,23488.94,364177.20751,binance,BTCUSDT,1d
2023-02-03 00:00:00+00:00,23489.33,23715.7,23204.62,23431.9,332571.02904,binance,BTCUSDT,1d
2023-02-04 00:00:00+00:00,23431.9,23587.78,23253.96,23326.84,166126.47295,binance,BTCUSDT,1d
2023-02-05 00:00:00+00:00,23327.66,23433.33,22743.0,22932.91,209251.33917,binance,BTCUSDT,1d
2023-02-06 00:00:00+00:00,22932.91,23158.25,22628.13,22762.52,265371.6069,binance,BTCUSDT,1d
2023-02-07 00:00:00+00:00,22762.52,23350.25,22745.78,23240.46,308006.72482,binance,BTCUSDT,1d
2023-02-08 00:00:00+00:00,23242.42,23452.0,22665.85,22963.0,280056.30717,binance,BTCUSDT,1d
2023-02-09 00:00:00+00:00,22961.85,23011.39,21688.0,21796.35,402894.6955,binance,BTCUSDT,1d
2023-02-10 00:00:00+00:00,21797.83,21938.16,21451.0,21625.19,338591.94247,binance,BTCUSDT,1d
2023-02-11 00:00:00+00:00,21625.19,21906.32,21599.78,21862.55,177021.58433,binance,BTCUSDT,1d
2023-02-12 00:00:00+00:00,21862.02,22090.0,21630.0,21783.54,204435.65163,binance,BTCUSDT,1d
2023-02-13 00:00:00+00:00,21782.37,21894.99,21351.07,21773.97,295730.76791,binance,BTCUSDT,1d
2023-02-14 00:00:00+00:00,21774.63,22319.08,21532.77,22199.84,361958.40109,binance,BTCUSDT,1d
2023-02-15 00:00:00+00:00,22199.84,24380.0,22047.28,24324.05,375669.16111,binance,BTCUSDT,1d
2023-02-16 00:00:00+00:00,24322.87,25250.0,23505.25,23517.72,450080.68366,binance,BTCUSDT,1d
2023-02-17 00:00:00+00:00,23517.72,25021.11,23339.37,24569.97,496813.21376,binance,BTCUSDT,1d
2023-02-18 00:00:00+00:00,24568.24,24877.0,24430.0,24631.95,216917.25213,binance,BTCUSDT,1d
2023-02-19 00:00:00+00:00,24632.05,25192.0,24192.57,24271.76,300395.99542,binance,BTCUSDT,1d
2023-02-20 00:00:00+00:00,24272.51,25121.23,23840.83,24842.2,346938.56997,binance,BTCUSDT,1d
2023-02-21 00:00:00+00:00,24843.89,25250.0,24148.34,24452.16,376000.82868,binance,BTCUSDT,1d
2023-02-22 00:00:00+00:00,24450.67,24476.05,23574.69,24182.21,379425.75365,binance,BTCUSDT,1d
2023-02-23 00:00:00+00:00,24182.21,24599.59,23608.0,23940.2,398400.45437,binance,BTCUSDT,1d
2023-02-24 00:00:00+00:00,23940.2,24132.35,22841.19,23185.29,343582.57453,binance,BTCUSDT,1d
2023-02-25 00:00:00+00:00,23184.04,23219.13,22722.0,23157.07,191311.8101,binance,BTCUSDT,1d
2023-02-26 00:00:00+00:00,23157.07,23689.99,23059.18,23554.85,202323.73623,binance,BTCUSDT,1d
2023-02-27 00:00:00+00:00,23554.85,23897.99,23106.77,23492.09,283706.0859,binance,BTCUSDT,1d
2023-02-28 00:00:00+00:00,23492.09,23600.0,23020.97,23141.57,264140.99894,binance,BTCUSDT,1d
2023-03-01 00:00:00+00:00,23141.57,24000.0,23020.03,23628.97,315287.41737,binance,BTCUSDT,1d
2023-03-02 00:00:00+00:00,23629.76,23796.93,23195.9,23465.32,239315.45219,binance,BTCUSDT,1d
2023-03-03 00:00:00+00:00,23465.32,23476.95,21971.13,22354.34,319954.19785,binance,BTCUSDT,1d
2023-03-04 00:00:00+00:00,22354.34,22410.0,22157.08,22346.57,121257.38132,binance,BTCUSDT,1d
2023-03-05 00:00:00+00:00,22346.57,22662.09,22189.22,22430.24,154841.75786,binance,BTCUSDT,1d
2023-03-06 00:00:00+00:00,22430.24,22602.19,22258.0,22410.0,203751.82957,binance,BTCUSDT,1d
2023-03-07 00:00:00+00:00,22409.41,22557.91,21927.0,22197.96,292519.80912,binance,BTCUSDT,1d
2023-03-08 00:00:00+00:00,22198.56,22287.0,21580.0,21705.44,301460.57272,binance,BTCUSDT,1d
2023-03-09 00:00:00+00:00,21704.37,21834.99,20042.72,20362.22,443658.28584,binance,BTCUSDT,1d
2023-03-10 00:00:00+00:00,20362.21,20367.78,19549.09,20150.69,618456.4671,binance,BTCUSDT,1d
2023-03-11 00:00:00+00:00,20150.69,20686.51,19765.03,20455.73,427831.82133,binance,BTCUSDT,1d
2023-03-12 00:00:00+00:00,20455.73,22150.0,20270.6,21997.11,430944.94288,binance,BTCUSDT,1d
2023-03-13 00:00:00+00:00,21998.05,24500.0,21813.88,24113.48,687889.31259,binance,BTCUSDT,1d
2023-03-14 00:00:00+00:00,24112.27,26386.87,23976.42,24670.41,699360.93423,binance,BTCUSDT,1d
2023-03-15 00:00:00+00:00,24670.41,25196.97,23896.95,24285.66,581450.72984,binance,BTCUSDT,1d
2023-03-16 00:00:00+00:00,24285.66,25167.4,24123.0,24998.78,439421.32998,binance,BTCUSDT,1d
2023-03-17 00:00:00+00:00,24998.78,27756.84,24890.0,27395.13,624460.68091,binance,BTCUSDT,1d
2023-03-18 00:00:00+00:00,27395.13,27724.85,26578.0,26907.49,371238.97174,binance,BTCUSDT,1d
2023-03-19 00:00:00+00:00,26907.49,28390.1,26827.22,27972.87,372066.99054,binance,BTCUSDT,1d
2023-03-20 00:00:00+00:00,27972.87,28472.0,27124.47,27717.01,477378.23373,binance,BTCUSDT,1d
2023-03-21 00:00:00+00:00,27717.01,28438.55,27303.1,28105.47,420929.7422,binance,BTCUSDT,1d
2023-03-22 00:00:00+00:00,28107.81,28868.05,26601.8,27250.97,224113.41296,binance,BTCUSDT,1d
2023-03-23 00:00:00+00:00,27250.97,28750.0,27105.0,28295.41,128649.60818,binance,BTCUSDT,1d
2023-03-24 00:00:00+00:00,28295.42,28374.3,27000.0,27454.47,86242.06544,binance,BTCUSDT,1d
2023-03-25 00:00:00+00:00,27454.46,27787.33,27156.09,27462.95,50844.08102,binance,BTCUSDT,1d
2023-03-26 00:00:00+00:00,27462.96,28194.4,27417.76,27968.05,49671.70353,binance,BTCUSDT,1d
2023-03-27 00:00:00+00:00,27968.05,28023.86,26508.14,27124.91,88039.46898,binance,BTCUSDT,1d
2023-03-28 00:00:00+00:00,27124.9,27520.0,26631.78,27261.07,78602.44341,binance,BTCUSDT,1d
2023-03-29 00:00:00+00:00,27261.06,28650.0,27240.1,28348.6,89486.16008,binance,BTCUSDT,1d
2023-03-30 00:00:00+00:00,28348.6,29184.68,27686.0,28028.53,98865.43256,binance,BTCUSDT,1d
2023-03-31 00:00:00+00:00,28028.53,28656.69,27511.71,28465.36,78198.12139,binance,BTCUSDT,1d
2023-04-01 00:00:00+00:00,28465.36,28819.71,28220.27,28452.73,30238.44753,binance,BTCUSDT,1d
2023-04-02 00:00:00+00:00,28452.74,28530.0,27856.43,28171.87,37365.65692,binance,BTCUSDT,1d
2023-04-03 00:00:00+00:00,28171.87,28500.99,27200.24,27800.0,79180.01405,binance,BTCUSDT,1d
2023-04-04 00:00:00+00:00,27800.0,28444.44,27662.79,28165.47,49722.55691,binance,BTCUSDT,1d
2023-04-05 00:00:00+00:00,28165.47,28775.0,27805.1,28170.01,60737.64732,binance,BTCUSDT,1d
2023-04-06 00:00:00+00:00,28170.01,28182.05,27711.0,28033.82,40118.94963,binance,BTCUSDT,1d
2023-04-07 00:00:00+00:00,28033.83,28100.0,27766.94,27906.33,24762.09387,binance,BTCUSDT,1d
2023-04-08 00:00:00+00:00,27906.34,28154.99,27859.02,27938.38,19479.96735,binance,BTCUSDT,1d
2023-04-09 00:00:00+00:00,27938.38,28530.0,27800.0,28323.76,32531.16101,binance,BTCUSDT,1d
2023-04-10 00:00:00+00:00,28323.76,29770.0,28170.0,29637.34,67754.0622,binance,BTCUSDT,1d
2023-04-11 00:00:00+00:00,29637.35,30550.0,29590.0,30200.42,67990.07621,binance,BTCUSDT,1d
2023-04-12 00:00:00+00:00,30200.43,30486.0,29637.4,29888.07,62049.48451,binance,BTCUSDT,1d
2023-04-13 00:00:00+00:00,29888.07,30595.0,29854.59,30373.84,51934.11731,binance,BTCUSDT,1d
2023-04-14 00:00:00+00:00,30373.84,31000.0,29966.0,30466.93,75984.19452,binance,BTCUSDT,1d
2023-04-15 00:00:00+00:00,30466.93,30595.6,30202.0,30295.09,25429.81247,binance,BTCUSDT,1d
2023-04-16 00:00:00+00:00,30295.1,30549.99,30120.0,30304.65,26431.99322,binance,BTCUSDT,1d
2023-04-17 00:00:00+00:00,30304.66,30316.06,29240.65,29430.27,56441.81127,binance,BTCUSDT,1d
2023-04-18 00:00:00+00:00,29430.27,30485.0,29096.78,30380.01,62004.89434,binance,BTCUSDT,1d
2023-04-19 00:00:00+00:00,30380.01,30413.53,28520.0,28797.1,86575.48656,binance,BTCUSDT,1d
2023-04-20 00:00:00+00:00,28797.1,29088.3,28010.0,28243.65,76879.09372,binance,BTCUSDT,1d
2023-04-21 00:00:00+00:00,28243.65,28374.02,27125.0,27262.84,77684.7679,binance,BTCUSDT,1d
2023-04-22 00:00:00+00:00,27262.84,27882.72,27140.35,27816.85,36023.69686,binance,BTCUSDT,1d
2023-04-23 00:00:00+00:00,27816.85,27816.85,27311.25,27590.6,34812.09581,binance,BTCUSDT,1d
2023-04-24 00:00:00+00:00,27590.59,28000.0,26942.82,27510.93,53111.56874,binance,BTCUSDT,1d
2023-04-25 00:00:00+00:00,27510.93,28399.99,27192.0,28300.79,52325.14637,binance,BTCUSDT,1d
2023-04-26 00:00:00+00:00,28300.8,30036.0,27235.0,28415.29,129228.40403,binance,BTCUSDT,1d
2023-04-27 00:00:00+00:00,28415.29,29890.0,28378.86,29472.77,95430.82431,binance,BTCUSDT,1d
2023-04-28 00:00:00+00:00,29472.77,29599.54,28891.0,29311.7,54298.16578,binance,BTCUSDT,1d
2023-04-29 00:00:00+00:00,29311.69,29448.88,29031.0,29230.45,20466.83058,binance,BTCUSDT,1d
2023-04-30 00:00:00+00:00,29230.45,29969.39,29079.59,29233.21,39752.5372,binance,BTCUSDT,1d
2023-05-01 00:00:00+00:00,29233.2,29337.34,27666.95,28068.26,64433.65958,binance,BTCUSDT,1d
2023-05-02 00:00:00+00:00,28068.26,28879.88,27872.0,28669.86,50824.5224,binance,BTCUSDT,1d
2023-05-03 00:00:00+00:00,28669.85,29266.66,28113.69,29026.16,64615.79213,binance,BTCUSDT,1d
2023-05-04 00:00:00+00:00,29026.16,29379.83,28663.64,28838.16,42575.47501,binance,BTCUSDT,1d
2023-05-05 00:00:00+00:00,28838.16,29677.0,28800.0,29505.61,58415.83048,binance,BTCUSDT,1d
2023-05-06 00:00:00+00:00,29505.6,29820.0,28300.0,28848.2,49249.28459,binance,BTCUSDT,1d
2023-05-07 00:00:00+00:00,28848.19,29138.29,28395.23,28430.1,30003.41028,binance,BTCUSDT,1d
2023-05-08 00:00:00+00:00,28430.09,28631.01,27262.0,27668.79,68244.36179,binance,BTCUSDT,1d
2023-05-09 00:00:00+00:00,27668.8,27818.0,27353.0,27628.27,40113.31069,binance,BTCUSDT,1d
2023-05-10 00:00:00+00:00,27628.28,28331.42,26777.0,27598.75,71155.11355,binance,BTCUSDT,1d
2023-05-11 00:00:00+00:00,27598.74,27630.14,26702.05,26968.62,47635.31365,binance,BTCUSDT,1d
2023-05-12 00:00:00+00:00,26968.61,27091.12,25811.46,26795.01,67207.93494,binance,BTCUSDT,1d
2023-05-13 00:00:00+00:00,26795.01,27045.45,26692.03,26775.28,22814.90421,binance,BTCUSDT,1d
2023-05-14 00:00:00+00:00,26775.27,27200.0,26560.53,26917.62,21594.8036,binance,BTCUSDT,1d
2023-05-15 00:00:00+00:00,26917.61,27663.59,26726.0,27162.14,40430.08333,binance,BTCUSDT,1d
2023-05-16 00:00:00+00:00,27162.15,27296.89,26852.11,27033.84,33270.45451,binance,BTCUSDT,1d
2023-05-17 00:00:00+00:00,27033.85,27500.0,26544.71,27405.61,42958.97785,binance,BTCUSDT,1d
2023-05-18 00:00:00+00:00,27405.62,27485.33,26361.2,26821.28,49198.65143,binance,BTCUSDT,1d
2023-05-19 00:00:00+00:00,26821.28,27183.6,26630.0,26880.26,28754.13544,binance,BTCUSDT,1d
2023-05-20 00:00:00+00:00,26880.26,27150.0,26825.11,27102.43,14434.54718,binance,BTCUSDT,1d
2023-05-21 00:00:00+00:00,27102.42,27277.55,26666.03,26747.78,21347.87279,binance,BTCUSDT,1d
2023-05-22 00:00:00+00:00,26747.78,27099.89,26538.21,26849.27,26458.83828,binance,BTCUSDT,1d
2023-05-23 00:00:00+00:00,26849.28,27495.83,26798.11,27219.61,38700.83858,binance,BTCUSDT,1d
2023-05-24 00:00:00+00:00,27219.61,27219.61,26080.5,26329.01,54393.0657,binance,BTCUSDT,1d
2023-05-25 00:00:00+00:00,26329.0,26631.98,25871.89,26473.79,37435.44895,binance,BTCUSDT,1d
2023-05-26 00:00:00+00:00,26473.8,26932.16,26327.24,26705.92,35061.18713,binance,BTCUSDT,1d
2023-05-27 00:00:00+00:00,26705.93,26895.0,26551.0,26854.27,15095.6867,binance,BTCUSDT,1d
2023-05-28 00:00:00+00:00,26854.28,28261.32,26764.36,28065.0,43916.00855,binance,BTCUSDT,1d
2023-05-29 00:00:00+00:00,28065.01,28447.14,27524.6,27736.4,42385.41945,binance,BTCUSDT,1d
2023-05-30 00:00:00+00:00,27736.39,28038.59,27554.0,27694.4,32686.75371,binance,BTCUSDT,1d
2023-05-31 00:00:00+00:00,27694.39,27835.51,26839.01,27210.35,46588.80573,binance,BTCUSDT,1d
2023-06-01 00:00:00+00:00,27210.36,27350.0,26605.05,26817.93,39217.8088,binance,BTCUSDT,1d
2023-06-02 00:00:00+00:00,26817.93,27300.0,26505.0,27242.59,36380.90269,binance,BTCUSDT,1d
2023-06-03 00:00:00+00:00,27242.59,27333.29,26914.93,27069.22,16595.34117,binance,BTCUSDT,1d
2023-06-04 00:00:00+00:00,27069.22,27455.02,26951.0,27115.21,19258.41049,binance,BTCUSDT,1d
2023-06-05 00:00:00+00:00,27115.2,27129.33,25388.0,25728.2,65805.60305,binance,BTCUSDT,1d
2023-06-06 00:00:00+00:00,25728.2,27355.33,25351.02,27230.08,68392.60438,binance,BTCUSDT,1d
2023-06-07 00:00:00+00:00,27230.07,27391.77,26125.01,26339.34,59619.44364,binance,BTCUSDT,1d
2023-06-08 00:00:00+00:00,26339.34,26810.0,26210.0,26498.61,31075.51083,binance,BTCUSDT,1d
2023-06-09 00:00:00+00:00,26498.62,26783.33,26269.91,26477.81,27934.7097,binance,BTCUSDT,1d
2023-06-10 00:00:00+00:00,26477.8,26533.87,25358.0,25841.21,64944.60108,binance,BTCUSDT,1d
2023-06-11 00:00:00+00:00,25841.22,26206.88,25634.7,25925.55,30014.29595,binance,BTCUSDT,1d
2023-06-12 00:00:00+00:00,25925.54,26106.48,25602.11,25905.19,29900.50893,binance,BTCUSDT,1d
2023-06-13 00:00:00+00:00,25905.2,26433.21,25712.57,25934.25,41065.60853,binance,BTCUSDT,1d
2023-06-14 00:00:00+00:00,25934.24,26098.0,24820.56,25128.6,45077.31608,binance,BTCUSDT,1d
2023-06-15 00:00:00+00:00,25128.6,25759.01,24800.0,25598.49,48664.86063,binance,BTCUSDT,1d
2023-06-16 00:00:00+00:00,25598.49,26518.0,25175.56,26345.0,51596.91662,binance,BTCUSDT,1d
2023-06-17 00:00:00+00:00,26345.01,26839.99,26181.0,26516.99,27842.2195,binance,BTCUSDT,1d
2023-06-18 00:00:00+00:00,26516.99,26700.0,26255.85,26339.97,21538.31022,binance,BTCUSDT,1d
2023-06-19 00:00:00+00:00,26339.98,27068.09,26256.61,26844.35,35872.65974,binance,BTCUSDT,1d
2023-06-20 00:00:00+00:00,26844.35,28402.74,26652.0,28307.99,69666.95525,binance,BTCUSDT,1d
2023-06-21 00:00:00+00:00,28308.0,30800.0,28257.99,29993.89,108926.40412,binance,BTCUSDT,1d
2023-06-22 00:00:00+00:00,29993.89,30500.0,29525.61,29884.92,59054.5646,binance,BTCUSDT,1d
2023-06-23 00:00:00+00:00,29884.92,31431.94,29800.0,30688.5,73931.89635,binance,BTCUSDT,1d
2023-06-24 00:00:00+00:00,30688.51,30800.0,30250.0,30527.43,30513.30135,binance,BTCUSDT,1d
2023-06-25 00:00:00+00:00,30527.44,31046.01,30277.49,30462.66,30223.44801,binance,BTCUSDT,1d
2023-06-26 00:00:00+00:00,30462.67,30666.0,29930.0,30267.99,45180.41489,binance,BTCUSDT,1d
2023-06-27 00:00:00+00:00,30267.99,30994.97,30226.17,30692.44,42699.64157,binance,BTCUSDT,1d
2023-06-28 00:00:00+00:00,30692.44,30709.74,29858.8,30077.41,40463.51937,binance,BTCUSDT,1d
2023-06-29 00:00:00+00:00,30077.4,30843.98,30049.98,30447.31,36330.62903,binance,BTCUSDT,1d
2023-06-30 00:00:00+00:00,30447.31,31282.0,29500.0,30472.0,89419.07618,binance,BTCUSDT,1d
2023-07-01 00:00:00+00:00,30471.99,30661.6,30320.57,30585.9,17501.75075,binance,BTCUSDT,1d
2023-07-02 00:00:00+00:00,30585.9,30791.0,30155.0,30617.03,23286.41019,binance,BTCUSDT,1d
2023-07-03 00:00:00+00:00,30617.02,31380.0,30570.27,31156.2,43761.64311,binance,BTCUSDT,1d
2023-07-04 00:00:00+00:00,31156.2,31350.69,30620.0,30766.51,33206.11943,binance,BTCUSDT,1d
2023-07-05 00:00:00+00:00,30766.52,30878.07,30200.0,30504.81,33215.67122,binance,BTCUSDT,1d
2023-07-06 00:00:00+00:00,30504.8,31500.0,29850.45,29895.43,71319.6261,binance,BTCUSDT,1d
2023-07-07 00:00:00+00:00,29895.42,30449.0,29701.02,30344.7,34070.53895,binance,BTCUSDT,1d
2023-07-08 00:00:00+00:00,30344.7,30386.81,30044.47,30284.63,13094.59042,binance,BTCUSDT,1d
2023-07-09 00:00:00+00:00,30284.63,30445.52,30061.12,30160.71,15388.50196,binance,BTCUSDT,1d
2023-07-10 00:00:00+00:00,30160.71,31045.78,29950.0,30411.57,41262.87652,binance,BTCUSDT,1d
2023-07-11 00:00:00+00:00,30411.57,30813.63,30300.0,30622.1,28476.83311,binance,BTCUSDT,1d
2023-07-12 00:00:00+00:00,30622.1,30983.25,30210.0,30380.0,38108.99669,binance,BTCUSDT,1d
2023-07-13 00:00:00+00:00,30380.0,31804.2,30251.0,31454.23,70772.51836,binance,BTCUSDT,1d
2023-07-14 00:00:00+00:00,31454.23,31630.0,29900.0,30312.01,60749.48424,binance,BTCUSDT,1d
2023-07-15 00:00:00+00:00,30312.0,30390.9,30200.0,30289.52,14118.55329,binance,BTCUSDT,1d
2023-07-16 00:00:00+00:00,30289.52,30441.46,30064.29,30231.99,15760.1281,binance,BTCUSDT,1d
2023-07-17 00:00:00+00:00,30232.0,30336.96,29659.2,30138.0,30882.76839,binance,BTCUSDT,1d
2023-07-18 00:00:00+00:00,30138.01,30239.78,29512.0,29859.13,30003.8601,binance,BTCUSDT,1d
2023-07-19 00:00:00+00:00,29859.14,30189.09,29761.96,29909.21,25657.36137,binance,BTCUSDT,1d
2023-07-20 00:00:00+00:00,29909.21,30417.46,29570.96,29800.0,37540.68193,binance,BTCUSDT,1d
2023-07-21 00:00:00+00:00,29800.0,30061.7,29726.34,29901.72,23881.40865,binance,BTCUSDT,1d
2023-07-22 00:00:00+00:00,29901.72,29999.0,29625.1,29794.0,14660.40467,binance,BTCUSDT,1d
2023-07-23 00:00:00+00:00,29793.99,30350.0,29730.0,30083.75,18292.78637,binance,BTCUSDT,1d
2023-07-24 00:00:00+00:00,30083.75,30099.58,28861.9,29176.5,39628.99691,binance,BTCUSDT,1d
2023-07-25 00:00:00+00:00,29176.5,29376.0,29047.65,29228.91,21565.7478,binance,BTCUSDT,1d
2023-07-26 00:00:00+00:00,29228.91,29690.0,29096.94,29351.96,33931.63366,binance,BTCUSDT,1d
2023-07-27 00:00:00+00:00,29351.95,29567.49,29083.85,29222.78,22476.47626,binance,BTCUSDT,1d
2023-07-28 00:00:00+00:00,29222.78,29542.22,29123.12,29314.14,23993.61627,binance,BTCUSDT,1d
2023-07-29 00:00:00+00:00,29314.14,29406.92,29256.18,29352.9,10851.36844,binance,BTCUSDT,1d
2023-07-30 00:00:00+00:00,29352.9,29449.0,29033.24,29281.09,15706.97441,binance,BTCUSDT,1d
2023-07-31 00:00:00+00:00,29281.09,29530.0,29101.8,29232.25,22605.48964,binance,BTCUSDT,1d
2023-08-01 00:00:00+00:00,29232.26,29739.25,28585.7,29705.99,44719.65162,binance,BTCUSDT,1d
2023-08-02 00:00:00+00:00,29705.99,30047.5,28927.5,29186.01,48181.65141,binance,BTCUSDT,1d
2023-08-03 00:00:00+00:00,29186.0,29433.33,28968.0,29193.64,26476.91994,binance,BTCUSDT,1d
2023-08-04 00:00:00+00:00,29193.65,29333.08,28807.54,29113.99,23551.95217,binance,BTCUSDT,1d
2023-08-05 00:00:00+00:00,29114.0,29152.23,28978.64,29072.13,11645.52018,binance,BTCUSDT,1d
2023-08-06 00:00:00+00:00,29072.13,29205.09,28991.88,29088.42,13178.1972,binance,BTCUSDT,1d
2023-08-07 00:00:00+00:00,29088.43,29276.78,28701.03,29211.06,30966.87746,binance,BTCUSDT,1d
2023-08-08 00:00:00+00:00,29211.06,30244.0,29146.45,29770.42,45700.53392,binance,BTCUSDT,1d
2023-08-09 00:00:00+00:00,29770.41,30160.0,29376.67,29581.99,38003.88725,binance,BTCUSDT,1d
2023-08-10 00:00:00+00:00,29581.99,29738.0,29320.2,29455.75,23463.45373,binance,BTCUSDT,1d
2023-08-11 00:00:00+00:00,29455.76,29564.52,29252.45,29426.03,20637.0443,binance,BTCUSDT,1d
2023-08-12 00:00:00+00:00,29426.02,29481.35,29381.56,29430.17,8971.48068,binance,BTCUSDT,1d
2023-08-13 00:00:00+00:00,29430.18,29474.65,29272.32,29303.84,11101.70947,binance,BTCUSDT,1d
2023-08-14 00:00:00+00:00,29303.85,29695.32,29102.45,29430.93,31443.11532,binance,BTCUSDT,1d
2023-08-15 00:00:00+00:00,29430.92,29499.26,29059.6,29200.0,27503.87691,binance,BTCUSDT,1d
2023-08-16 00:00:00+00:00,29200.01,29259.85,28723.08,28730.51,32996.69854,binance,BTCUSDT,1d
2023-08-17 00:00:00+00:00,28730.51,28783.48,25166.0,26623.41,100271.54033,binance,BTCUSDT,1d
2023-08-18 00:00:00+00:00,26623.41,26832.6,25619.0,26054.0,69790.65711,binance,BTCUSDT,1d
2023-08-19 00:00:00+00:00,26054.0,26281.0,25801.09,26100.01,26160.75343,binance,BTCUSDT,1d
2023-08-20 00:00:00+00:00,26100.01,26299.0,25971.05,26189.99,19056.91209,binance,BTCUSDT,1d
2023-08-21 00:00:00+00:00,26190.0,26258.42,25812.0,26126.92,30267.24233,binance,BTCUSDT,1d
2023-08-22 00:00:00+00:00,26126.92,26139.42,25300.0,26056.0,34247.06688,binance,BTCUSDT,1d
2023-08-23 00:00:00+00:00,26055.99,26819.27,25812.82,26432.72,44023.69978,binance,BTCUSDT,1d
2023-08-24 00:00:00+00:00,26432.71,26577.87,25864.0,26180.05,30205.22116,binance,BTCUSDT,1d
2023-08-25 00:00:00+00:00,26180.05,26314.05,25777.15,26060.01,27753.33772,binance,BTCUSDT,1d
2023-08-26 00:00:00+00:00,26060.0,26125.77,25985.92,26017.37,10022.22322,binance,BTCUSDT,1d
2023-08-27 00:00:00+00:00,26017.38,26182.23,25966.11,26101.77,12099.64216,binance,BTCUSDT,1d
2023-08-28 00:00:00+00:00,26101.78,26253.99,25864.5,26120.0,22692.62655,binance,BTCUSDT,1d
2023-08-29 00:00:00+00:00,26120.0,28142.85,25922.0,27716.34,74251.99488,binance,BTCUSDT,1d
2023-08-30 00:00:00+00:00,27716.34,27768.57,27017.24,27299.99,35448.25848,binance,BTCUSDT,1d
2023-08-31 00:00:00+00:00,27299.99,27587.51,25655.01,25940.78,51032.80401,binance,BTCUSDT,1d
2023-09-01 00:00:00+00:00,25940.77,26156.0,25333.75,25805.05,41032.15056,binance,BTCUSDT,1d
2023-09-02 00:00:00+00:00,25805.04,25987.5,25752.47,25869.51,16250.77698,binance,BTCUSDT,1d
2023-09-03 00:00:00+00:00,25869.52,26135.0,25800.0,25971.21,17474.47667,binance,BTCUSDT,1d
2023-09-04 00:00:00+00:00,25971.21,26108.02,25631.21,25826.02,21777.59609,binance,BTCUSDT,1d
2023-09-05 00:00:00+00:00,25826.03,25915.49,25562.62,25792.1,21323.39337,binance,BTCUSDT,1d
2023-09-06 00:00:00+00:00,25792.11,26040.0,25372.51,25759.95,27262.52386,binance,BTCUSDT,1d
2023-09-07 00:00:00+00:00,25759.95,26443.14,25615.38,26255.0,27687.49567,binance,BTCUSDT,1d
2023-09-08 00:00:00+00:00,26255.0,26445.5,25647.26,25910.5,28999.76471,binance,BTCUSDT,1d
2023-09-09 00:00:00+00:00,25910.5,25945.09,25796.64,25901.61,10980.62277,binance,BTCUSDT,1d
2023-09-10 00:00:00+00:00,25901.6,26033.66,25570.57,25841.61,18738.26914,binance,BTCUSDT,1d
2023-09-11 00:00:00+00:00,25841.6,25900.69,24901.0,25162.52,41682.32,binance,BTCUSDT,1d
2023-09-12 00:00:00+00:00,25162.53,26567.0,25131.48,25840.1,56434.38537,binance,BTCUSDT,1d
2023-09-13 00:00:00+00:00,25840.1,26405.22,25764.17,26222.0,31610.82753,binance,BTCUSDT,1d
2023-09-14 00:00:00+00:00,26222.0,26860.49,26126.77,26522.73,38333.1725,binance,BTCUSDT,1d
2023-09-15 00:00:00+00:00,26522.73,26888.0,26224.0,26600.0,26227.29369,binance,BTCUSDT,1d
2023-09-16 00:00:00+00:00,26599.99,26777.0,26445.0,26559.67,13960.93351,binance,BTCUSDT,1d
2023-09-17 00:00:00+00:00,26559.67,26623.25,26399.0,26527.51,12998.10277,binance,BTCUSDT,1d
2023-09-18 00:00:00+00:00,26527.5,27409.0,26377.35,26762.51,43000.43256,binance,BTCUSDT,1d
2023-09-19 00:00:00+00:00,26762.5,27483.57,26667.79,27210.26,36190.52187,binance,BTCUSDT,1d
2023-09-20 00:00:00+00:00,27210.25,27388.63,26800.0,27125.0,34207.21867,binance,BTCUSDT,1d
2023-09-21 00:00:00+00:00,27125.01,27159.6,26377.7,26568.08,34476.82662,binance,BTCUSDT,1d
2023-09-22 00:00:00+00:00,26568.08,26743.38,26468.77,26580.14,18198.2292,binance,BTCUSDT,1d
2023-09-23 00:00:00+00:00,26580.14,26632.81,26509.0,26575.96,9440.7026,binance,BTCUSDT,1d
2023-09-24 00:00:00+00:00,26575.97,26738.54,26122.08,26248.38,15706.65771,binance,BTCUSDT,1d
2023-09-25 00:00:00+00:00,26248.39,26446.15,25990.46,26304.81,26266.2039,binance,BTCUSDT,1d
2023-09-26 00:00:00+00:00,26304.8,26397.46,26088.34,26221.67,18495.35066,binance,BTCUSDT,1d
2023-09-27 00:00:00+00:00,26221.68,26850.0,26112.06,26372.99,34771.57978,binance,BTCUSDT,1d
2023-09-28 00:00:00+00:00,26373.0,27308.48,26342.4,27021.39,44517.83491,binance,BTCUSDT,1d
2023-09-29 00:00:00+00:00,27021.39,27244.89,26665.16,26906.96,28478.76219,binance,BTCUSDT,1d
2023-09-30 00:00:00+00:00,26906.96,27094.99,26886.31,26962.56,12804.62307,binance,BTCUSDT,1d
2023-10-01 00:00:00+00:00,26962.57,28065.51,26954.09,27992.57,24602.81468,binance,BTCUSDT,1d
2023-10-02 00:00:00+00:00,27992.58,28580.0,27281.44,27494.51,57071.14241,binance,BTCUSDT,1d
2023-10-03 00:00:00+00:00,27494.51,27676.52,27160.5,27426.46,28928.96555,binance,BTCUSDT,1d
2023-10-04 00:00:00+00:00,27426.45,27839.72,27202.0,27778.57,29816.142,binance,BTCUSDT,1d
2023-10-05 00:00:00+00:00,27778.57,28120.39,27352.0,27410.39,30681.49619,binance,BTCUSDT,1d
2023-10-06 00:00:00+00:00,27410.39,28295.0,27175.94,27931.09,37983.24277,binance,BTCUSDT,1d
2023-10-07 00:00:00+00:00,27931.1,28029.67,27842.08,27956.67,13348.83825,binance,BTCUSDT,1d
2023-10-08 00:00:00+00:00,27956.67,28095.14,27687.5,27917.05,19693.56921,binance,BTCUSDT,1d
2023-10-09 00:00:00+00:00,27917.06,27987.93,27260.0,27590.12,31534.74639,binance,BTCUSDT,1d
2023-10-10 00:00:00+00:00,27590.12,27735.0,27298.0,27390.12,22776.84383,binance,BTCUSDT,1d
2023-10-11 00:00:00+00:00,27390.12,27477.39,26538.66,26875.52,37349.44706,binance,BTCUSDT,1d
2023-10-12 00:00:00+00:00,26875.52,26947.04,26555.0,26759.63,23428.64112,binance,BTCUSDT,1d
2023-10-13 00:00:00+00:00,26759.63,27130.0,26685.0,26862.0,24115.76499,binance,BTCUSDT,1d
2023-10-14 00:00:00+00:00,26862.0,26989.58,26789.0,26852.48,10417.25576,binance,BTCUSDT,1d
2023-10-15 00:00:00+00:00,26852.48,27293.33,26808.25,27154.15,15274.6917,binance,BTCUSDT,1d
2023-10-16 00:00:00+00:00,27154.14,30000.0,27112.66,28500.78,78399.22445,binance,BTCUSDT,1d
2023-10-17 00:00:00+00:00,28500.77,28613.65,28069.32,28395.91,38428.44532,binance,BTCUSDT,1d
2023-10-18 00:00:00+00:00,28395.91,28982.36,28142.87,28320.0,32162.47591,binance,BTCUSDT,1d
2023-10-19 00:00:00+00:00,28320.0,28916.89,28100.66,28713.71,35895.50179,binance,BTCUSDT,1d
2023-10-20 00:00:00+00:00,28713.71,30207.55,28578.29,29669.04,59422.0992,binance,BTCUSDT,1d
2023-10-21 00:00:00+00:00,29669.05,30379.99,29464.77,29909.8,27517.51897,binance,BTCUSDT,1d
2023-10-22 00:00:00+00:00,29909.8,30248.0,29640.0,29992.46,22852.54563,binance,BTCUSDT,1d
2023-10-23 00:00:00+00:00,29992.46,34741.91,29883.6,33069.99,93513.64246,binance,BTCUSDT,1d
2023-10-24 00:00:00+00:00,33069.99,35280.0,32832.34,33922.73,115265.02418,binance,BTCUSDT,1d
2023-10-25 00:00:00+00:00,33922.73,35132.85,33679.05,34496.05,54887.02529,binance,BTCUSDT,1d
2023-10-26 00:00:00+00:00,34496.05,34824.13,33751.0,34151.66,39744.66255,binance,BTCUSDT,1d
2023-10-27 00:00:00+00:00,34151.66,34245.0,33390.95,33892.02,32330.40106,binance,BTCUSDT,1d
2023-10-28 00:00:00+00:00,33892.01,34493.33,33860.0,34081.0,16880.13144,binance,BTCUSDT,1d
2023-10-29 00:00:00+00:00,34081.01,34750.11,33930.0,34525.89,20685.52176,binance,BTCUSDT,1d
2023-10-30 00:00:00+00:00,34525.88,34856.0,34062.84,34474.73,33657.95976,binance,BTCUSDT,1d
2023-10-31 00:00:00+00:00,34474.74,34720.49,34025.0,34639.77,32737.89822,binance,BTCUSDT,1d
2023-11-01 00:00:00+00:00,34639.78,35582.0,34097.39,35421.43,53473.28165,binance,BTCUSDT,1d
2023-11-02 00:00:00+00:00,35421.43,35984.99,34300.0,34941.59,48015.57732,binance,BTCUSDT,1d
2023-11-03 00:00:00+00:00,34941.58,34946.5,34120.0,34716.78,39071.20644,binance,BTCUSDT,1d
2023-11-04 00:00:00+00:00,34716.78,35255.0,34585.18,35062.07,18377.55545,binance,BTCUSDT,1d
2023-11-05 00:00:00+00:00,35062.06,35380.0,34448.0,35011.88,24528.73376,binance,BTCUSDT,1d
2023-11-06 00:00:00+00:00,35011.89,35276.33,34725.9,35046.09,22346.47086,binance,BTCUSDT,1d
2023-11-07 00:00:00+00:00,35046.09,35888.0,34523.06,35399.12,38688.73692,binance,BTCUSDT,1d
2023-11-08 00:00:00+00:00,35399.13,36106.0,35100.0,35624.72,33401.34137,binance,BTCUSDT,1d
2023-11-09 00:00:00+00:00,35624.72,37972.24,35534.05,36701.09,82537.88885,binance,BTCUSDT,1d
2023-11-10 00:00:00+00:00,36701.1,37526.0,36324.71,37301.63,43414.04898,binance,BTCUSDT,1d
2023-11-11 00:00:00+00:00,37301.63,37408.26,36666.93,37130.0,22984.97235,binance,BTCUSDT,1d
2023-11-12 00:00:00+00:00,37129.99,37222.22,36731.1,37064.13,17687.18874,binance,BTCUSDT,1d
2023-11-13 00:00:00+00:00,37064.13,37417.99,36333.0,36462.93,32798.18252,binance,BTCUSDT,1d
2023-11-14 00:00:00+00:00,36462.93,36744.0,34800.0,35551.19,45503.68416,binance,BTCUSDT,1d
2023-11-15 00:00:00+00:00,35551.2,37980.0,35360.0,37858.2,53569.13385,binance,BTCUSDT,1d
2023-11-16 00:00:00+00:00,37858.2,37929.54,35500.0,36163.51,47490.39566,binance,BTCUSDT,1d
2023-11-17 00:00:00+00:00,36163.51,36800.0,35861.1,36613.92,38283.61112,binance,BTCUSDT,1d
2023-11-18 00:00:00+00:00,36613.91,36845.49,36178.58,36568.1,17102.24186,binance,BTCUSDT,1d
2023-11-19 00:00:00+00:00,36568.11,37500.0,36384.02,37359.86,21246.34648,binance,BTCUSDT,1d
2023-11-20 00:00:00+00:00,37359.85,37750.0,36677.0,37448.78,36022.70291,binance,BTCUSDT,1d
2023-11-21 00:00:00+00:00,37448.79,37649.44,35735.0,35741.65,47646.54804,binance,BTCUSDT,1d
2023-11-22 00:00:00+00:00,35741.65,37861.1,35632.01,37408.34,45051.30697,binance,BTCUSDT,1d
2023-11-23 00:00:00+00:00,37408.35,37653.44,36870.0,37294.28,23827.92882,binance,BTCUSDT,1d
2023-11-24 00:00:00+00:00,37294.27,38414.0,37251.51,37713.57,44680.80646,binance,BTCUSDT,1d
2023-11-25 00:00:00+00:00,37713.57,37888.0,37591.1,37780.67,11396.14464,binance,BTCUSDT,1d
2023-11-26 00:00:00+00:00,37780.67,37814.63,37150.0,37447.43,21264.53723,binance,BTCUSDT,1d
2023-11-27 00:00:00+00:00,37447.42,37569.23,36707.0,37242.7,30001.07376,binance,BTCUSDT,1d
2023-11-28 00:00:00+00:00,37242.7,38377.0,36868.41,37818.87,37544.46667,binance,BTCUSDT,1d
2023-11-29 00:00:00+00:00,37818.88,38450.0,37570.0,37854.64,32994.19107,binance,BTCUSDT,1d
2023-11-30 00:00:00+00:00,37854.65,38145.85,37500.0,37723.96,24740.29147,binance,BTCUSDT,1d
2023-12-01 00:00:00+00:00,37723.97,38999.0,37615.86,38682.52,43415.66324,binance,BTCUSDT,1d
2023-12-02 00:00:00+00:00,38682.51,39717.14,38641.61,39450.35,26696.92161,binance,BTCUSDT,1d
2023-12-03 00:00:00+00:00,39450.35,40250.0,39274.86,39972.26,26710.65335,binance,BTCUSDT,1d
2023-12-04 00:00:00+00:00,39972.26,42420.0,39972.26,41991.1,79272.33059,binance,BTCUSDT,1d
2023-12-05 00:00:00+00:00,41991.1,44488.0,41414.0,44073.32,67490.74644,binance,BTCUSDT,1d
2023-12-06 00:00:00+00:00,44073.82,44297.21,43335.28,43762.69,51431.10492,binance,BTCUSDT,1d
2023-12-07 00:00:00+00:00,43762.69,44047.33,42821.1,43273.14,47103.26845,binance,BTCUSDT,1d
2023-12-08 00:00:00+00:00,43273.15,44700.0,43081.1,44170.99,42900.37556,binance,BTCUSDT,1d
2023-12-09 00:00:00+00:00,44171.0,44358.02,43584.51,43713.6,24925.97008,binance,BTCUSDT,1d
2023-12-10 00:00:00+00:00,43713.59,44049.0,43563.0,43789.51,18956.61758,binance,BTCUSDT,1d
2023-12-11 00:00:00+00:00,43789.5,43804.5,40222.0,41253.4,76663.89804,binance,BTCUSDT,1d
2023-12-12 00:00:00+00:00,41253.41,42104.12,40680.0,41492.39,42722.69773,binance,BTCUSDT,1d
2023-12-13 00:00:00+00:00,41492.38,43475.2,40555.0,42869.03,45865.99773,binance,BTCUSDT,1d
2023-12-14 00:00:00+00:00,42869.03,43420.0,41400.0,43022.26,42047.05709,binance,BTCUSDT,1d
2023-12-15 00:00:00+00:00,43022.26,43080.81,41666.0,41940.3,33421.7932,binance,BTCUSDT,1d
2023-12-16 00:00:00+00:00,41940.29,42724.43,41605.0,42278.03,24118.85747,binance,BTCUSDT,1d
2023-12-17 00:00:00+00:00,42278.02,42424.07,41252.0,41374.65,27722.11452,binance,BTCUSDT,1d
2023-12-18 00:00:00+00:00,41374.64,42757.81,40542.93,42657.8,46734.0925,binance,BTCUSDT,1d
2023-12-19 00:00:00+00:00,42657.8,43497.0,41811.1,42275.99,40927.86444,binance,BTCUSDT,1d
2023-12-20 00:00:00+00:00,42275.99,44283.0,42206.0,43668.93,48710.2947,binance,BTCUSDT,1d
2023-12-21 00:00:00+00:00,43668.92,44242.35,43286.72,43861.8,34624.29384,binance,BTCUSDT,1d
2023-12-22 00:00:00+00:00,43861.79,44398.26,43412.54,43969.04,32783.19638,binance,BTCUSDT,1d
2023-12-23 00:00:00+00:00,43969.04,43988.68,43291.1,43702.16,16557.1293,binance,BTCUSDT,1d
2023-12-24 00:00:00+00:00,43702.15,43946.0,42500.0,42991.5,25144.33496,binance,BTCUSDT,1d
2023-12-25 00:00:00+00:00,42991.5,43802.32,42720.43,43576.13,27021.23992,binance,BTCUSDT,1d
2023-12-26 00:00:00+00:00,43576.12,43592.68,41637.6,42508.93,41010.04282,binance,BTCUSDT,1d
2023-12-27 00:00:00+00:00,42508.93,43677.0,42098.69,43428.85,36191.21136,binance,BTCUSDT,1d
2023-12-28 00:00:00+00:00,43428.86,43787.57,42241.79,42563.76,35150.52485,binance,BTCUSDT,1d
2023-12-29 00:00:00+00:00,42563.76,43111.0,41300.0,42066.95,42597.18912,binance,BTCUSDT,1d
2023-12-30 00:00:00+00:00,42066.94,42612.32,41520.3,42140.28,22906.57818,binance,BTCUSDT,1d
2023-12-31 00:00:00+00:00,42140.29,42899.0,41965.84,42283.58,23585.91603,binance,BTCUSDT,1d
2024-01-01 00:00:00+00:00,42283.58,44184.1,42180.77,44179.55,27174.29903,binance,BTCUSDT,1d
2024-01-02 00:00:00+00:00,44179.55,45879.63,44148.34,44946.91,65146.40661,binance,BTCUSDT,1d
2024-01-03 00:00:00+00:00,44946.91,45500.0,40750.0,42845.23,81194.55173,binance,BTCUSDT,1d
2024-01-04 00:00:00+00:00,42845.23,44729.58,42613.77,44151.1,48038.06334,binance,BTCUSDT,1d
2024-01-05 00:00:00+00:00,44151.1,44357.46,42450.0,44145.11,48075.25327,binance,BTCUSDT,1d
2024-01-06 00:00:00+00:00,44145.12,44214.42,43397.05,43968.32,17835.06144,binance,BTCUSDT,1d
2024-01-07 00:00:00+00:00,43968.32,44480.59,43572.09,43929.02,23023.8508,binance,BTCUSDT,1d
2024-01-08 00:00:00+00:00,43929.01,47248.99,43175.0,46951.04,72814.57589,binance,BTCUSDT,1d
2024-01-09 00:00:00+00:00,46951.04,47972.0,44748.67,46110.0,69927.66617,binance,BTCUSDT,1d
2024-01-10 00:00:00+00:00,46110.0,47695.93,44300.36,46653.99,89911.41203,binance,BTCUSDT,1d
2024-01-11 00:00:00+00:00,46654.0,48969.48,45606.06,46339.16,87470.3296,binance,BTCUSDT,1d
2024-01-12 00:00:00+00:00,46339.16,46515.53,41500.0,42782.73,86327.93707,binance,BTCUSDT,1d
2024-01-13 00:00:00+00:00,42782.74,43257.0,42436.12,42847.99,36118.47464,binance,BTCUSDT,1d
2024-01-14 00:00:00+00:00,42847.99,43079.0,41720.0,41732.35,28228.40894,binance,BTCUSDT,1d
2024-01-15 00:00:00+00:00,41732.35,43400.43,41718.05,42511.1,40269.89303,binance,BTCUSDT,1d
2024-01-16 00:00:00+00:00,42511.1,43578.01,42050.0,43137.95,45045.74589,binance,BTCUSDT,1d
2024-01-17 00:00:00+00:00,43137.94,43198.0,42200.69,42776.1,33266.21388,binance,BTCUSDT,1d
2024-01-18 00:00:00+00:00,42776.09,42930.0,40683.28,41327.5,43907.51641,binance,BTCUSDT,1d
2024-01-19 00:00:00+00:00,41327.51,42196.86,40280.0,41659.03,48342.74559,binance,BTCUSDT,1d
2024-01-20 00:00:00+00:00,41659.03,41872.56,41456.3,41696.04,15923.99493,binance,BTCUSDT,1d
2024-01-21 00:00:00+00:00,41696.05,41881.39,41500.98,41580.33,11730.16301,binance,BTCUSDT,1d
2024-01-22 00:00:00+00:00,41580.32,41689.65,39431.58,39568.02,55426.19911,binance,BTCUSDT,1d
2024-01-23 00:00:00+00:00,39568.02,40176.74,38555.0,39897.6,57956.63351,binance,BTCUSDT,1d
2024-01-24 00:00:00+00:00,39897.59,40555.0,39484.19,40084.88,39293.82861,binance,BTCUSDT,1d
2024-01-25 00:00:00+00:00,40084.89,40300.24,39550.0,39961.09,31022.11853,binance,BTCUSDT,1d
2024-01-26 00:00:00+00:00,39961.09,42246.82,39822.52,41823.51,47384.96726,binance,BTCUSDT,1d
2024-01-27 00:00:00+00:00,41823.51,42200.0,41394.34,42120.63,16224.41667,binance,BTCUSDT,1d
2024-01-28 00:00:00+00:00,42120.63,42842.68,41620.81,42031.06,27294.99838,binance,BTCUSDT,1d
2024-01-29 00:00:00+00:00,42031.05,43333.0,41804.88,43302.7,31542.74207,binance,BTCUSDT,1d
2024-01-30 00:00:00+00:00,43302.71,43882.36,42683.99,42941.1,37619.24546,binance,BTCUSDT,1d
2024-01-31 00:00:00+00:00,42941.1,43745.11,42276.84,42580.0,39871.13688,binance,BTCUSDT,1d
2024-02-01 00:00:00+00:00,42580.0,43285.13,41884.28,43082.94,35231.04664,binance,BTCUSDT,1d
2024-02-02 00:00:00+00:00,43082.95,43488.0,42546.79,43200.0,29672.14418,binance,BTCUSDT,1d
2024-02-03 00:00:00+00:00,43199.99,43380.01,42880.0,43011.09,12033.40998,binance,BTCUSDT,1d
2024-02-04 00:00:00+00:00,43011.1,43119.04,42222.0,42582.88,17066.89404,binance,BTCUSDT,1d
2024-02-05 00:00:00+00:00,42582.88,43569.76,42258.1,42708.7,29467.75905,binance,BTCUSDT,1d
2024-02-06 00:00:00+00:00,42708.7,43399.98,42574.0,43098.95,24675.85433,binance,BTCUSDT,1d
2024-02-07 00:00:00+00:00,43098.96,44396.5,42788.0,44349.6,34392.59915,binance,BTCUSDT,1d
2024-02-08 00:00:00+00:00,44349.6,45614.3,44331.1,45288.65,45439.62231,binance,BTCUSDT,1d
2024-02-09 00:00:00+00:00,45288.66,48200.0,45242.12,47132.77,73503.481,binance,BTCUSDT,1d
2024-02-10 00:00:00+00:00,47132.78,48170.0,46800.0,47751.09,24802.35936,binance,BTCUSDT,1d
2024-02-11 00:00:00+00:00,47751.08,48592.66,47557.16,48299.99,29958.80837,binance,BTCUSDT,1d
2024-02-12 00:00:00+00:00,48300.0,50334.82,47710.01,49917.27,59009.96705,binance,BTCUSDT,1d
2024-02-13 00:00:00+00:00,49917.28,50368.61,48300.95,49699.59,55551.56706,binance,BTCUSDT,1d
2024-02-14 00:00:00+00:00,49699.6,52043.71,49225.01,51795.17,57046.37401,binance,BTCUSDT,1d
2024-02-15 00:00:00+00:00,51795.17,52816.62,51314.0,51880.0,53816.03055,binance,BTCUSDT,1d
2024-02-16 00:00:00+00:00,51880.01,52572.08,51566.0,52124.11,37772.25318,binance,BTCUSDT,1d
2024-02-17 00:00:00+00:00,52124.1,52162.82,50625.0,51642.64,25674.00622,binance,BTCUSDT,1d
2024-02-18 00:00:00+00:00,51642.64,52377.0,51163.28,52137.67,21992.10363,binance,BTCUSDT,1d
2024-02-19 00:00:00+00:00,52137.68,52488.77,51677.0,51774.73,29534.99432,binance,BTCUSDT,1d
2024-02-20 00:00:00+00:00,51774.74,52985.0,50760.37,52258.82,49614.47318,binance,BTCUSDT,1d
2024-02-21 00:00:00+00:00,52258.82,52366.8,50625.0,51849.39,43079.40049,binance,BTCUSDT,1d
2024-02-22 00:00:00+00:00,51849.38,52065.78,50940.78,51288.42,35309.44574,binance,BTCUSDT,1d
2024-02-23 00:00:00+00:00,51288.42,51548.54,50521.0,50744.15,30545.79544,binance,BTCUSDT,1d
2024-02-24 00:00:00+00:00,50744.15,51698.0,50585.0,51568.22,16560.4211,binance,BTCUSDT,1d
2024-02-25 00:00:00+00:00,51568.21,51958.55,51279.8,51728.85,18721.63159,binance,BTCUSDT,1d
2024-02-26 00:00:00+00:00,51728.85,54910.0,50901.44,54476.47,51256.72199,binance,BTCUSDT,1d
2024-02-27 00:00:00+00:00,54476.48,57588.15,54450.13,57037.34,67194.98562,binance,BTCUSDT,1d
2024-02-28 00:00:00+00:00,57037.35,64000.0,56691.85,62432.1,118763.46984,binance,BTCUSDT,1d
2024-02-29 00:00:00+00:00,62432.11,63676.35,60364.7,61130.98,78425.07603,binance,BTCUSDT,1d
2024-03-01 00:00:00+00:00,61130.99,63114.23,60777.0,62387.9,47737.93473,binance,BTCUSDT,1d
2024-03-02 00:00:00+00:00,62387.9,62433.19,61561.12,61987.28,25534.73659,binance,BTCUSDT,1d
2024-03-03 00:00:00+00:00,61987.28,63231.88,61320.0,63113.97,28994.90903,binance,BTCUSDT,1d
2024-03-04 00:00:00+00:00,63113.97,68499.0,62300.0,68245.71,84835.16005,binance,BTCUSDT,1d
2024-03-05 00:00:00+00:00,68245.71,69000.0,59005.0,63724.01,132696.7813,binance,BTCUSDT,1d
2024-03-06 00:00:00+00:00,63724.01,67641.1,62779.14,66074.04,78738.85491,binance,BTCUSDT,1d
2024-03-07 00:00:00+00:00,66074.04,67980.0,65551.0,66823.17,53059.8869,binance,BTCUSDT,1d
2024-03-08 00:00:00+00:00,66823.18,69990.0,66082.66,68124.19,74261.932842,binance,BTCUSDT,1d
2024-03-09 00:00:00+00:00,68124.2,68541.1,67861.1,68313.27,19872.89743,binance,BTCUSDT,1d
2024-03-10 00:00:00+00:00,68313.28,69887.61,68094.75,68955.88,38404.66835,binance,BTCUSDT,1d
2024-03-11 00:00:00+00:00,68955.88,72800.0,67024.96,72078.1,75292.825726,binance,BTCUSDT,1d
2024-03-12 00:00:00+00:00,72078.1,73000.0,68620.82,71452.01,68783.546691,binance,BTCUSDT,1d
2024-03-13 00:00:00+00:00,71452.0,73650.25,71333.31,73072.41,52659.711647,binance,BTCUSDT,1d
2024-03-14 00:00:00+00:00,73072.4,73777.0,68555.0,71388.94,71757.628746,binance,BTCUSDT,1d
2024-03-15 00:00:00+00:00,71388.94,72419.71,65600.0,69499.85,103334.03546,binance,BTCUSDT,1d
2024-03-16 00:00:00+00:00,69499.84,70043.0,64780.0,65300.63,55926.95336,binance,BTCUSDT,1d
2024-03-17 00:00:00+00:00,65300.64,68904.4,64533.0,68393.48,49742.21589,binance,BTCUSDT,1d
2024-03-18 00:00:00+00:00,68393.47,68956.0,66565.2,67609.99,55691.08088,binance,BTCUSDT,1d
2024-03-19 00:00:00+00:00,67610.0,68124.11,61555.0,61937.4,101005.32487,binance,BTCUSDT,1d
2024-03-20 00:00:00+00:00,61937.41,68100.0,60775.0,67840.51,90420.58592,binance,BTCUSDT,1d
2024-03-21 00:00:00+00:00,67840.51,68240.47,64529.01,65501.27,53357.48002,binance,BTCUSDT,1d
2024-03-22 00:00:00+00:00,65501.28,66649.62,62260.0,63796.64,51482.37821,binance,BTCUSDT,1d
2024-03-23 00:00:00+00:00,63796.64,65999.0,63000.0,63990.01,26410.11409,binance,BTCUSDT,1d
2024-03-24 00:00:00+00:00,63990.02,67628.69,63772.29,67209.99,31395.78015,binance,BTCUSDT,1d
2024-03-25 00:00:00+00:00,67210.0,71150.0,66385.06,69880.01,53431.14486,binance,BTCUSDT,1d
2024-03-26 00:00:00+00:00,69880.0,71561.1,69280.0,69988.0,38934.38417,binance,BTCUSDT,1d
2024-03-27 00:00:00+00:00,69987.99,71769.54,68359.18,69469.99,49119.35685,binance,BTCUSDT,1d
2024-03-28 00:00:00+00:00,69469.99,71552.06,68903.62,70780.6,35439.03239,binance,BTCUSDT,1d
2024-03-29 00:00:00+00:00,70780.6,70916.16,69009.0,69850.54,25445.08353,binance,BTCUSDT,1d
2024-03-30 00:00:00+00:00,69850.53,70321.1,69540.0,69582.18,13644.61142,binance,BTCUSDT,1d
2024-03-31 00:00:00+00:00,69582.17,71366.0,69562.99,71280.01,19396.34433,binance,BTCUSDT,1d
2024-04-01 00:00:00+00:00,71280.0,71288.23,68062.86,69649.8,41445.32039,binance,BTCUSDT,1d
2024-04-02 00:00:00+00:00,69649.81,69674.23,64550.0,65463.99,71799.82793,binance,BTCUSDT,1d
2024-04-03 00:00:00+00:00,65463.99,66903.63,64493.07,65963.28,39887.21778,binance,BTCUSDT,1d
2024-04-04 00:00:00+00:00,65963.27,69309.91,65064.52,68487.79,41510.48453,binance,BTCUSDT,1d
2024-04-05 00:00:00+00:00,68487.8,68756.67,65952.56,67820.62,37915.23073,binance,BTCUSDT,1d
2024-04-06 00:00:00+00:00,67820.63,69692.0,67447.83,68896.0,20134.28919,binance,BTCUSDT,1d
2024-04-07 00:00:00+00:00,68896.0,70326.29,68824.0,69360.39,21534.74433,binance,BTCUSDT,1d
2024-04-08 00:00:00+00:00,69360.38,72797.99,69043.24,71620.0,45723.87624,binance,BTCUSDT,1d
2024-04-09 00:00:00+00:00,71620.0,71758.19,68210.0,69146.0,39293.90242,binance,BTCUSDT,1d
2024-04-10 00:00:00+00:00,69146.0,71172.08,67518.0,70631.08,42006.02377,binance,BTCUSDT,1d
2024-04-11 00:00:00+00:00,70631.08,71305.89,69567.21,70006.23,31917.25595,binance,BTCUSDT,1d
2024-04-12 00:00:00+00:00,70006.22,71227.46,65086.86,67116.52,56072.86229,binance,BTCUSDT,1d
2024-04-13 00:00:00+00:00,67116.52,67929.0,60660.57,63924.51,71395.22019,binance,BTCUSDT,1d
2024-04-14 00:00:00+00:00,63924.52,65840.0,62134.0,65661.84,61599.17818,binance,BTCUSDT,1d
2024-04-15 00:00:00+00:00,65661.85,66867.07,62274.4,63419.99,52389.53069,binance,BTCUSDT,1d
2024-04-16 00:00:00+00:00,63419.99,64365.0,61600.0,63793.39,53435.29331,binance,BTCUSDT,1d
2024-04-17 00:00:00+00:00,63793.4,64499.0,59678.16,61277.37,50610.54509,binance,BTCUSDT,1d
2024-04-18 00:00:00+00:00,61277.38,64117.09,60803.35,63470.08,43601.60918,binance,BTCUSDT,1d
2024-04-19 00:00:00+00:00,63470.09,65450.0,59600.01,63818.01,69774.30271,binance,BTCUSDT,1d
2024-04-20 00:00:00+00:00,63818.01,65419.0,63090.07,64940.59,23137.42975,binance,BTCUSDT,1d
2024-04-21 00:00:00+00:00,64940.58,65695.56,64237.5,64941.15,19316.42152,binance,BTCUSDT,1d
2024-04-22 00:00:00+00:00,64941.15,67232.35,64500.0,66819.32,31397.99371,binance,BTCUSDT,1d
2024-04-23 00:00:00+00:00,66819.32,67183.01,65765.81,66414.0,22599.90004,binance,BTCUSDT,1d
2024-04-24 00:00:00+00:00,66414.0,67070.43,63606.06,64289.59,33595.69637,binance,BTCUSDT,1d
2024-04-25 00:00:00+00:00,64289.58,65297.94,62794.0,64498.34,31341.46338,binance,BTCUSDT,1d
2024-04-26 00:00:00+00:00,64498.33,64820.01,63297.48,63770.01,27085.19346,binance,BTCUSDT,1d
2024-04-27 00:00:00+00:00,63770.0,63923.41,62391.24,63461.98,20933.06052,binance,BTCUSDT,1d
2024-04-28 00:00:00+00:00,63461.98,64370.0,62781.0,63118.62,16949.20005,binance,BTCUSDT,1d
2024-04-29 00:00:00+00:00,63118.62,64228.35,61765.53,63866.0,28150.22947,binance,BTCUSDT,1d
2024-04-30 00:00:00+00:00,63866.0,64734.0,59191.6,60672.0,54947.65535,binance,BTCUSDT,1d
2024-05-01 00:00:00+00:00,60672.01,60841.63,56552.82,58364.97,81166.46823,binance,BTCUSDT,1d
2024-05-02 00:00:00+00:00,58364.97,59625.0,56911.84,59060.61,47583.81961,binance,BTCUSDT,1d
2024-05-03 00:00:00+00:00,59060.6,63333.0,58811.32,62882.01,43628.40143,binance,BTCUSDT,1d
2024-05-04 00:00:00+00:00,62882.01,64540.0,62541.03,63892.04,24368.69282,binance,BTCUSDT,1d
2024-05-05 00:00:00+00:00,63892.03,64646.0,62822.17,64012.0,18526.75029,binance,BTCUSDT,1d
2024-05-06 00:00:00+00:00,64012.0,65500.0,62700.0,63165.19,34674.91949,binance,BTCUSDT,1d
2024-05-07 00:00:00+00:00,63165.18,64422.41,62261.0,62312.08,25598.79472,binance,BTCUSDT,1d
2024-05-08 00:00:00+00:00,62312.07,63020.22,60888.0,61193.03,26121.19004,binance,BTCUSDT,1d
2024-05-09 00:00:00+00:00,61193.03,63429.03,60630.0,63074.01,30660.8061,binance,BTCUSDT,1d
2024-05-10 00:00:00+00:00,63074.0,63469.13,60187.12,60799.99,36529.34025,binance,BTCUSDT,1d
2024-05-11 00:00:00+00:00,60799.99,61515.0,60487.09,60825.99,13374.56936,binance,BTCUSDT,1d
2024-05-12 00:00:00+00:00,60825.99,61888.0,60610.0,61483.99,12753.13236,binance,BTCUSDT,1d
2024-05-13 00:00:00+00:00,61484.0,63450.0,60749.21,62940.08,32733.41839,binance,BTCUSDT,1d
2024-05-14 00:00:00+00:00,62940.09,63118.36,61142.77,61577.49,29088.72041,binance,BTCUSDT,1d
2024-05-15 00:00:00+00:00,61577.49,66444.16,61319.47,66206.5,43559.74719,binance,BTCUSDT,1d
2024-05-16 00:00:00+00:00,66206.51,66752.01,64602.77,65235.21,31106.3671,binance,BTCUSDT,1d
2024-05-17 00:00:00+00:00,65235.21,67451.2,65106.38,67024.0,26292.23409,binance,BTCUSDT,1d
2024-05-18 00:00:00+00:00,67024.0,67400.01,66600.0,66915.2,14441.25774,binance,BTCUSDT,1d
2024-05-19 00:00:00+00:00,66915.2,67700.0,65857.25,66274.01,18025.30409,binance,BTCUSDT,1d
2024-05-20 00:00:00+00:00,66274.0,71515.56,66060.31,71446.62,50816.7011,binance,BTCUSDT,1d
2024-05-21 00:00:00+00:00,71446.62,71979.0,69162.94,70148.34,49607.4336,binance,BTCUSDT,1d
2024-05-22 00:00:00+00:00,70148.34,70666.0,68842.19,69166.62,27673.18026,binance,BTCUSDT,1d
2024-05-23 00:00:00+00:00,69166.62,70096.12,66312.16,67969.65,40513.17374,binance,BTCUSDT,1d
2024-05-24 00:00:00+00:00,67969.66,69250.0,66600.12,68549.99,28095.83664,binance,BTCUSDT,1d
2024-05-25 00:00:00+00:00,68549.99,69610.0,68500.0,69290.57,12130.39418,binance,BTCUSDT,1d
2024-05-26 00:00:00+00:00,69290.56,69562.23,68128.01,68507.67,11872.11797,binance,BTCUSDT,1d
2024-05-27 00:00:00+00:00,68507.67,70687.56,68250.0,69436.43,23136.92737,binance,BTCUSDT,1d
2024-05-28 00:00:00+00:00,69436.43,69591.81,67277.91,68398.39,32622.97042,binance,BTCUSDT,1d
2024-05-29 00:00:00+00:00,68398.4,68935.68,67124.65,67652.42,23159.83149,binance,BTCUSDT,1d
2024-05-30 00:00:00+00:00,67652.41,69500.0,67128.0,68352.17,28478.2184,binance,BTCUSDT,1d
2024-05-31 00:00:00+00:00,68352.17,69044.1,66670.0,67540.01,26690.32184,binance,BTCUSDT,1d
2024-06-01 00:00:00+00:00,67540.01,67900.0,67428.44,67766.85,8837.66133,binance,BTCUSDT,1d
2024-06-02 00:00:00+00:00,67766.84,68460.0,67257.47,67765.63,15426.32529,binance,BTCUSDT,1d
2024-06-03 00:00:00+00:00,67765.62,70288.0,67612.48,68809.9,29633.374,binance,BTCUSDT,1d
2024-06-04 00:00:00+00:00,68809.89,71063.45,68567.32,70537.84,29619.78489,binance,BTCUSDT,1d
2024-06-05 00:00:00+00:00,70537.83,71758.0,70383.66,71108.0,28703.18082,binance,BTCUSDT,1d
2024-06-06 00:00:00+00:00,71108.0,71700.0,70117.64,70799.06,21842.00449,binance,BTCUSDT,1d
2024-06-07 00:00:00+00:00,70799.06,71997.02,68420.0,69355.6,35598.45045,binance,BTCUSDT,1d
2024-06-08 00:00:00+00:00,69355.6,69582.2,69168.02,69310.46,9773.82967,binance,BTCUSDT,1d
2024-06-09 00:00:00+00:00,69310.46,69857.14,69130.24,69648.14,9890.56709,binance,BTCUSDT,1d
2024-06-10 00:00:00+00:00,69648.15,70195.94,69172.29,69540.0,17122.66941,binance,BTCUSDT,1d
2024-06-11 00:00:00+00:00,69540.0,69590.01,66051.0,67314.24,41436.01588,binance,BTCUSDT,1d
2024-06-12 00:00:00+00:00,67314.23,69999.0,66905.0,68263.99,37175.32356,binance,BTCUSDT,1d
2024-06-13 00:00:00+00:00,68263.98,68449.3,66251.78,66773.01,29079.55571,binance,BTCUSDT,1d
2024-06-14 00:00:00+00:00,66773.01,67370.24,65078.0,66043.99,28408.18797,binance,BTCUSDT,1d
2024-06-15 00:00:00+00:00,66043.99,66478.48,65857.1,66228.25,11451.80242,binance,BTCUSDT,1d
2024-06-16 00:00:00+00:00,66228.25,66998.7,66034.5,66676.87,9392.52223,binance,BTCUSDT,1d
2024-06-17 00:00:00+00:00,66676.86,67298.81,65130.0,66504.33,27386.16851,binance,BTCUSDT,1d
2024-06-18 00:00:00+00:00,66504.33,66588.23,64060.0,65175.32,42350.10244,binance,BTCUSDT,1d
2024-06-19 00:00:00+00:00,65175.32,65727.54,64666.0,64974.37,20060.79576,binance,BTCUSDT,1d
2024-06-20 00:00:00+00:00,64974.37,66482.94,64559.15,64869.99,24265.29031,binance,BTCUSDT,1d
2024-06-21 00:00:00+00:00,64869.99,65066.66,63379.35,64143.56,25993.56442,binance,BTCUSDT,1d
2024-06-22 00:00:00+00:00,64143.56,64546.81,63943.82,64262.01,7308.95542,binance,BTCUSDT,1d
2024-06-23 00:00:00+00:00,64262.01,64521.0,63178.32,63210.01,8224.45447,binance,BTCUSDT,1d
2024-06-24 00:00:00+00:00,63210.01,63369.8,58402.0,60293.3,52161.35414,binance,BTCUSDT,1d
2024-06-25 00:00:00+00:00,60293.3,62420.0,60257.06,61806.01,31189.24361,binance,BTCUSDT,1d
2024-06-26 00:00:00+00:00,61806.01,62487.81,60712.0,60864.99,22485.66463,binance,BTCUSDT,1d
2024-06-27 00:00:00+00:00,60864.98,62389.22,60606.63,61706.47,18344.28631,binance,BTCUSDT,1d
2024-06-28 00:00:00+00:00,61706.46,62225.31,60063.0,60427.84,24821.19255,binance,BTCUSDT,1d
2024-06-29 00:00:00+00:00,60427.84,61224.0,60383.77,60986.68,11509.55904,binance,BTCUSDT,1d
2024-06-30 00:00:00+00:00,60986.68,63058.76,60712.21,62772.01,17326.30136,binance,BTCUSDT,1d
2024-07-01 00:00:00+00:00,62772.01,63861.76,62497.2,62899.99,24547.10538,binance,BTCUSDT,1d
2024-07-02 00:00:00+00:00,62900.0,63288.83,61806.28,62135.47,18573.11875,binance,BTCUSDT,1d
2024-07-03 00:00:00+00:00,62135.46,62285.94,59400.0,60208.58,32160.11127,binance,BTCUSDT,1d
2024-07-04 00:00:00+00:00,60208.57,60498.19,56771.0,57050.01,54568.77276,binance,BTCUSDT,1d
2024-07-05 00:00:00+00:00,57050.02,57546.0,53485.93,56628.79,81348.24756,binance,BTCUSDT,1d
2024-07-06 00:00:00+00:00,56628.79,58475.0,56018.0,58230.13,21651.31558,binance,BTCUSDT,1d
2024-07-07 00:00:00+00:00,58230.13,58449.46,55724.37,55857.81,19118.93918,binance,BTCUSDT,1d
2024-07-08 00:00:00+00:00,55857.81,58236.73,54260.16,56714.62,48090.2049,binance,BTCUSDT,1d
2024-07-09 00:00:00+00:00,56714.61,58296.0,56289.45,58050.0,27732.20788,binance,BTCUSDT,1d
2024-07-10 00:00:00+00:00,58050.0,59470.0,57157.79,57725.85,24951.73799,binance,BTCUSDT,1d
2024-07-11 00:00:00+00:00,57725.85,59650.0,57050.0,57339.89,29761.05735,binance,BTCUSDT,1d
2024-07-12 00:00:00+00:00,57339.89,58526.68,56542.47,57889.1,23652.4569,binance,BTCUSDT,1d
2024-07-13 00:00:00+00:00,57889.09,59850.0,57756.63,59204.02,15357.74519,binance,BTCUSDT,1d
2024-07-14 00:00:00+00:00,59204.01,61420.69,59194.01,60797.91,21178.33907,binance,BTCUSDT,1d
2024-07-15 00:00:00+00:00,60797.91,64900.0,60632.3,64724.14,38690.9782,binance,BTCUSDT,1d
2024-07-16 00:00:00+00:00,64724.06,65388.97,62373.24,65043.99,42530.52915,binance,BTCUSDT,1d
2024-07-17 00:00:00+00:00,65044.0,66128.63,63854.0,64087.99,29567.52954,binance,BTCUSDT,1d
2024-07-18 00:00:00+00:00,64087.99,65133.3,63238.48,63987.92,22568.7225,binance,BTCUSDT,1d
2024-07-19 00:00:00+00:00,63987.92,67386.0,63300.67,66660.0,35634.72739,binance,BTCUSDT,1d
2024-07-20 00:00:00+00:00,66660.01,67598.0,66222.46,67139.96,14386.92434,binance,BTCUSDT,1d
2024-07-21 00:00:00+00:00,67139.97,68366.66,65777.0,68165.34,21819.11191,binance,BTCUSDT,1d
2024-07-22 00:00:00+00:00,68165.35,68474.55,66559.97,67532.01,21451.04303,binance,BTCUSDT,1d
2024-07-23 00:00:00+00:00,67532.0,67750.98,65441.08,65936.01,31406.15316,binance,BTCUSDT,1d
2024-07-24 00:00:00+00:00,65936.0,67102.01,65111.0,65376.0,23082.56277,binance,BTCUSDT,1d
2024-07-25 00:00:00+00:00,65376.01,66175.49,63456.7,65799.95,35126.42934,binance,BTCUSDT,1d
2024-07-26 00:00:00+00:00,65799.95,68200.0,65722.63,67907.99,24244.36023,binance,BTCUSDT,1d
2024-07-27 00:00:00+00:00,67908.0,69399.99,66650.0,67896.5,31710.21921,binance,BTCUSDT,1d
2024-07-28 00:00:00+00:00,67896.49,68318.43,67066.66,68249.88,10868.69394,binance,BTCUSDT,1d
2024-07-29 00:00:00+00:00,68249.88,70079.99,66428.0,66784.69,36467.29633,binance,BTCUSDT,1d
2024-07-30 00:00:00+00:00,66784.68,67000.0,65302.67,66188.0,23132.25441,binance,BTCUSDT,1d
2024-07-31 00:00:00+00:00,66188.0,66849.24,64530.0,64628.0,22625.43905,binance,BTCUSDT,1d
2024-08-01 00:00:00+00:00,64628.01,65659.78,62302.0,65354.02,35542.26854,binance,BTCUSDT,1d
2024-08-02 00:00:00+00:00,65354.02,65596.14,61230.01,61498.33,38820.42937,binance,BTCUSDT,1d
2024-08-03 00:00:00+00:00,61498.34,62198.22,59850.0,60697.99,28034.71567,binance,BTCUSDT,1d
2024-08-04 00:00:00+00:00,60697.99,61117.63,57122.77,58161.0,31616.52003,binance,BTCUSDT,1d
2024-08-05 00:00:00+00:00,58161.0,58305.59,49000.0,54018.81,162065.59186,binance,BTCUSDT,1d
2024-08-06 00:00:00+00:00,54018.82,57040.99,53950.0,56022.01,55884.77676,binance,BTCUSDT,1d
2024-08-07 00:00:00+00:00,56022.0,57736.05,54558.62,55134.16,44269.37684,binance,BTCUSDT,1d
2024-08-08 00:00:00+00:00,55133.76,62745.14,54730.0,61685.99,48349.52949,binance,BTCUSDT,1d
2024-08-09 00:00:00+00:00,61686.0,61744.37,59535.0,60837.99,30972.48017,binance,BTCUSDT,1d
2024-08-10 00:00:00+00:00,60837.99,61470.58,60242.0,60923.51,9995.20621,binance,BTCUSDT,1d
2024-08-11 00:00:00+00:00,60923.51,61858.0,58286.73,58712.59,19189.84512,binance,BTCUSDT,1d
2024-08-12 00:00:00+00:00,58712.59,60711.09,57642.21,59346.64,37009.91743,binance,BTCUSDT,1d
2024-08-13 00:00:00+00:00,59346.64,61578.1,58392.88,60587.15,27858.95851,binance,BTCUSDT,1d
2024-08-14 00:00:00+00:00,60587.16,61800.0,58433.18,58683.39,28422.76326,binance,BTCUSDT,1d
2024-08-15 00:00:00+00:00,58683.39,59849.38,56078.54,57541.06,37686.17622,binance,BTCUSDT,1d
2024-08-16 00:00:00+00:00,57541.05,59817.76,57098.62,58874.6,27610.84344,binance,BTCUSDT,1d
2024-08-17 00:00:00+00:00,58874.59,59700.0,58785.05,59491.99,7721.72931,binance,BTCUSDT,1d
2024-08-18 00:00:00+00:00,59491.99,60284.99,58408.92,58427.35,13634.85717,binance,BTCUSDT,1d
2024-08-19 00:00:00+00:00,58427.35,59617.63,57787.3,59438.5,22809.31251,binance,BTCUSDT,1d
2024-08-20 00:00:00+00:00,59438.5,61400.0,58548.23,59013.8,31477.44548,binance,BTCUSDT,1d
2024-08-21 00:00:00+00:00,59013.8,61820.93,58783.47,61156.03,27983.6422,binance,BTCUSDT,1d
2024-08-22 00:00:00+00:00,61156.03,61400.0,59724.87,60375.84,21241.20588,binance,BTCUSDT,1d
2024-08-23 00:00:00+00:00,60375.83,64955.0,60342.14,64037.24,38118.07089,binance,BTCUSDT,1d
2024-08-24 00:00:00+00:00,64037.24,64494.5,63531.0,64157.01,15857.15616,binance,BTCUSDT,1d
2024-08-25 00:00:00+00:00,64157.02,65000.0,63773.27,64220.0,12305.47977,binance,BTCUSDT,1d
2024-08-26 00:00:00+00:00,64219.99,64481.0,62800.0,62834.0,19470.05276,binance,BTCUSDT,1d
2024-08-27 00:00:00+00:00,62834.0,63212.0,58034.01,59415.0,35135.94178,binance,BTCUSDT,1d
2024-08-28 00:00:00+00:00,59415.0,60234.98,57860.0,59034.9,36868.54275,binance,BTCUSDT,1d
2024-08-29 00:00:00+00:00,59034.9,61166.99,58713.09,59359.01,27020.90743,binance,BTCUSDT,1d
2024-08-30 00:00:00+00:00,59359.0,59944.07,57701.1,59123.99,28519.32195,binance,BTCUSDT,1d
2024-08-31 00:00:00+00:00,59123.99,59462.38,58744.0,58973.99,8798.409,binance,BTCUSDT,1d
2024-09-01 00:00:00+00:00,58974.0,59076.59,57201.0,57301.86,20705.15741,binance,BTCUSDT,1d
2024-09-02 00:00:00+00:00,57301.77,59425.69,57128.0,59132.13,22895.01461,binance,BTCUSDT,1d
2024-09-03 00:00:00+00:00,59132.12,59809.65,57415.0,57487.73,22828.18447,binance,BTCUSDT,1d
2024-09-04 00:00:00+00:00,57487.74,58519.0,55606.0,57970.9,35560.82146,binance,BTCUSDT,1d
2024-09-05 00:00:00+00:00,57970.9,58327.07,55643.65,56180.0,27806.91413,binance,BTCUSDT,1d
2024-09-06 00:00:00+00:00,56180.0,57008.0,52550.0,53962.97,54447.76826,binance,BTCUSDT,1d
2024-09-07 00:00:00+00:00,53962.97,54850.0,53745.54,54160.86,16694.04774,binance,BTCUSDT,1d
2024-09-08 00:00:00+00:00,54160.86,55318.0,53629.01,54869.95,16274.14779,binance,BTCUSDT,1d
2024-09-09 00:00:00+00:00,54869.95,58088.0,54591.96,57042.0,32384.51737,binance,BTCUSDT,1d
2024-09-10 00:00:00+00:00,57042.01,58044.36,56386.4,57635.99,23626.78126,binance,BTCUSDT,1d
2024-09-11 00:00:00+00:00,57635.99,57981.71,55545.19,57338.0,33026.56757,binance,BTCUSDT,1d
2024-09-12 00:00:00+00:00,57338.0,58588.0,57324.0,58132.32,31074.40631,binance,BTCUSDT,1d
2024-09-13 00:00:00+00:00,58132.31,60625.0,57632.62,60498.0,29825.23333,binance,BTCUSDT,1d
2024-09-14 00:00:00+00:00,60497.99,60610.45,59400.0,59993.03,12137.90901,binance,BTCUSDT,1d
2024-09-15 00:00:00+00:00,59993.02,60395.8,58691.05,59132.0,13757.92361,binance,BTCUSDT,1d
2024-09-16 00:00:00+00:00,59132.0,59210.7,57493.3,58213.99,26477.5642,binance,BTCUSDT,1d
2024-09-17 00:00:00+00:00,58213.99,61320.0,57610.01,60313.99,33116.25878,binance,BTCUSDT,1d
2024-09-18 00:00:00+00:00,60313.99,61786.24,59174.8,61759.99,36087.02469,binance,BTCUSDT,1d
2024-09-19 00:00:00+00:00,61759.98,63850.0,61555.0,62947.99,34332.52608,binance,BTCUSDT,1d
2024-09-20 00:00:00+00:00,62948.0,64133.32,62350.0,63201.05,25466.37794,binance,BTCUSDT,1d
2024-09-21 00:00:00+00:00,63201.05,63559.9,62758.0,63348.96,8375.34608,binance,BTCUSDT,1d
2024-09-22 00:00:00+00:00,63348.97,64000.0,62357.93,63578.76,14242.19892,binance,BTCUSDT,1d
2024-09-23 00:00:00+00:00,63578.76,64745.88,62538.75,63339.99,24078.05287,binance,BTCUSDT,1d
2024-09-24 00:00:00+00:00,63339.99,64688.0,62700.0,64262.7,23185.04759,binance,BTCUSDT,1d
2024-09-25 00:00:00+00:00,64262.7,64817.99,62947.08,63152.01,17813.11168,binance,BTCUSDT,1d
2024-09-26 00:00:00+00:00,63152.01,65839.0,62670.0,65173.99,28373.30593,binance,BTCUSDT,1d
2024-09-27 00:00:00+00:00,65173.99,66498.0,64819.9,65769.95,22048.80487,binance,BTCUSDT,1d
2024-09-28 00:00:00+00:00,65769.95,66260.0,65422.23,65858.0,9127.23316,binance,BTCUSDT,1d
2024-09-29 00:00:00+00:00,65858.0,66076.12,65432.0,65602.01,8337.74111,binance,BTCUSDT,1d
2024-09-30 00:00:00+00:00,65602.01,65618.8,62856.3,63327.59,30011.08752,binance,BTCUSDT,1d
2024-10-01 00:00:00+00:00,63327.6,64130.63,60164.0,60805.78,43671.48108,binance,BTCUSDT,1d
2024-10-02 00:00:00+00:00,60804.92,62390.31,60000.0,60649.28,31534.70118,binance,BTCUSDT,1d
2024-10-03 00:00:00+00:00,60649.27,61477.19,59828.11,60752.71,26221.43472,binance,BTCUSDT,1d
2024-10-04 00:00:00+00:00,60752.72,62484.85,60459.9,62086.0,21294.65994,binance,BTCUSDT,1d
2024-10-05 00:00:00+00:00,62086.0,62370.56,61689.26,62058.0,7807.46141,binance,BTCUSDT,1d
2024-10-06 00:00:00+00:00,62058.01,62975.0,61798.97,62819.91,8906.86177,binance,BTCUSDT,1d
2024-10-07 00:00:00+00:00,62819.91,64478.19,62128.0,62224.0,25966.1852,binance,BTCUSDT,1d
2024-10-08 00:00:00+00:00,62224.01,63200.0,61860.31,62160.49,19702.22371,binance,BTCUSDT,1d
2024-10-09 00:00:00+00:00,62160.5,62543.75,60301.0,60636.02,20011.15684,binance,BTCUSDT,1d
2024-10-10 00:00:00+00:00,60636.01,61321.68,58946.0,60326.39,23967.92481,binance,BTCUSDT,1d
2024-10-11 00:00:00+00:00,60326.4,63417.56,60087.64,62540.0,23641.35209,binance,BTCUSDT,1d
2024-10-12 00:00:00+00:00,62539.99,63480.0,62487.23,63206.22,10911.30116,binance,BTCUSDT,1d
2024-10-13 00:00:00+00:00,63206.23,63285.72,62050.0,62870.02,11909.21995,binance,BTCUSDT,1d
2024-10-14 00:00:00+00:00,62870.02,66500.0,62457.81,66083.99,37669.95222,binance,BTCUSDT,1d
2024-10-15 00:00:00+00:00,66084.0,67950.0,64800.01,67074.14,43683.95423,binance,BTCUSDT,1d
2024-10-16 00:00:00+00:00,67074.14,68424.0,66750.49,67620.01,29938.25544,binance,BTCUSDT,1d
2024-10-17 00:00:00+00:00,67620.0,67939.4,66666.0,67421.78,25328.22861,binance,BTCUSDT,1d
2024-10-18 00:00:00+00:00,67421.78,69000.0,67192.36,68428.0,28725.635,binance,BTCUSDT,1d
2024-10-19 00:00:00+00:00,68427.99,68693.26,68010.0,68378.0,8193.66737,binance,BTCUSDT,1d
2024-10-20 00:00:00+00:00,68377.99,69400.0,68100.0,69031.99,12442.47378,binance,BTCUSDT,1d
2024-10-21 00:00:00+00:00,69032.0,69519.52,66840.67,67377.5,31374.42184,binance,BTCUSDT,1d
2024-10-22 00:00:00+00:00,67377.5,67836.01,66571.42,67426.0,24598.96268,binance,BTCUSDT,1d
2024-10-23 00:00:00+00:00,67426.01,67472.83,65260.0,66668.65,25530.2407,binance,BTCUSDT,1d
2024-10-24 00:00:00+00:00,66668.65,68850.0,66510.0,68198.28,22589.83877,binance,BTCUSDT,1d
2024-10-25 00:00:00+00:00,68198.27,68771.49,65596.29,66698.33,34479.71125,binance,BTCUSDT,1d
2024-10-26 00:00:00+00:00,66698.32,67454.55,66439.9,67092.76,11842.9077,binance,BTCUSDT,1d
2024-10-27 00:00:00+00:00,67092.76,68332.05,66913.73,68021.7,8653.19592,binance,BTCUSDT,1d
2024-10-28 00:00:00+00:00,68021.69,70270.0,67618.0,69962.21,29046.75459,binance,BTCUSDT,1d
2024-10-29 00:00:00+00:00,69962.21,73620.12,69760.0,72736.42,50128.60594,binance,BTCUSDT,1d
2024-10-30 00:00:00+00:00,72736.41,72961.0,71436.0,72344.74,26885.99056,binance,BTCUSDT,1d
2024-10-31 00:00:00+00:00,72344.75,72700.0,69685.76,70292.01,29352.10297,binance,BTCUSDT,1d
2024-11-01 00:00:00+00:00,70292.01,71632.95,68820.14,69496.01,38301.86755,binance,BTCUSDT,1d
2024-11-02 00:00:00+00:00,69496.0,69914.37,69000.14,69374.74,10521.67243,binance,BTCUSDT,1d
2024-11-03 00:00:00+00:00,69374.74,69391.0,67478.73,68775.99,24995.70243,binance,BTCUSDT,1d
2024-11-04 00:00:00+00:00,68775.99,69500.0,66835.0,67850.01,29800.39187,binance,BTCUSDT,1d
2024-11-05 00:00:00+00:00,67850.01,70577.91,67476.63,69372.01,33355.06888,binance,BTCUSDT,1d
2024-11-06 00:00:00+00:00,69372.01,76400.0,69298.0,75571.99,104126.994787,binance,BTCUSDT,1d
2024-11-07 00:00:00+00:00,75571.99,76849.99,74416.0,75857.89,44869.422345,binance,BTCUSDT,1d
2024-11-08 00:00:00+00:00,75857.89,77199.99,75555.0,76509.78,36521.099583,binance,BTCUSDT,1d
2024-11-09 00:00:00+00:00,76509.78,76900.0,75714.66,76677.46,16942.07915,binance,BTCUSDT,1d
2024-11-10 00:00:00+00:00,76677.46,81500.0,76492.0,80370.01,61830.100435,binance,BTCUSDT,1d
2024-11-11 00:00:00+00:00,80370.01,89530.54,80216.01,88647.99,82323.665776,binance,BTCUSDT,1d
2024-11-12 00:00:00+00:00,88648.0,89940.0,85072.0,87952.01,97299.887911,binance,BTCUSDT,1d
2024-11-13 00:00:00+00:00,87952.0,93265.64,86127.99,90375.2,86763.854127,binance,BTCUSDT,1d
2024-11-14 00:00:00+00:00,90375.21,91790.0,86668.21,87325.59,56729.51086,binance,BTCUSDT,1d
2024-11-15 00:00:00+00:00,87325.59,91850.0,87073.38,91032.07,47927.95068,binance,BTCUSDT,1d
2024-11-16 00:00:00+00:00,91032.08,91779.66,90056.17,90586.92,22717.87689,binance,BTCUSDT,1d
2024-11-17 00:00:00+00:00,90587.98,91449.99,88722.0,89855.99,23867.55609,binance,BTCUSDT,1d
2024-11-18 00:00:00+00:00,89855.98,92594.0,89376.9,90464.08,46545.03448,binance,BTCUSDT,1d
2024-11-19 00:00:00+00:00,90464.07,93905.51,90357.0,92310.79,43660.04682,binance,BTCUSDT,1d
2024-11-20 00:00:00+00:00,92310.8,94831.97,91500.0,94286.56,42203.198712,binance,BTCUSDT,1d
2024-11-21 00:00:00+00:00,94286.56,98988.0,94040.0,98317.12,69228.360477,binance,BTCUSDT,1d
2024-11-22 00:00:00+00:00,98317.12,99588.01,97122.11,98892.0,46189.309243,binance,BTCUSDT,1d
2024-11-23 00:00:00+00:00,98892.0,98908.85,97136.0,97672.4,24757.84367,binance,BTCUSDT,1d
2024-11-24 00:00:00+00:00,97672.4,98564.0,95734.77,97900.04,31200.97838,binance,BTCUSDT,1d
2024-11-25 00:00:00+00:00,97900.05,98871.8,92600.19,93010.01,50847.45096,binance,BTCUSDT,1d
2024-11-26 00:00:00+00:00,93010.01,94973.37,90791.1,91965.16,57858.73138,binance,BTCUSDT,1d
2024-11-27 00:00:00+00:00,91965.16,97208.21,91792.14,95863.11,41153.42734,binance,BTCUSDT,1d
2024-11-28 00:00:00+00:00,95863.11,96564.0,94640.0,95643.98,28814.54357,binance,BTCUSDT,1d
2024-11-29 00:00:00+00:00,95643.99,98619.99,95364.99,97460.0,27701.78231,binance,BTCUSDT,1d
2024-11-30 00:00:00+00:00,97460.0,97463.95,96092.01,96407.99,14503.83306,binance,BTCUSDT,1d
2024-12-01 00:00:00+00:00,96407.99,97836.0,95693.88,97185.18,16938.60452,binance,BTCUSDT,1d
2024-12-02 00:00:00+00:00,97185.17,98130.0,94395.0,95840.62,37958.66981,binance,BTCUSDT,1d
2024-12-03 00:00:00+00:00,95840.61,96305.52,93578.17,95849.69,35827.32283,binance,BTCUSDT,1d
2024-12-04 00:00:00+00:00,95849.69,99000.0,94587.83,98587.32,43850.53728,binance,BTCUSDT,1d
2024-12-05 00:00:00+00:00,98587.32,104088.0,90500.0,96945.63,109921.729662,binance,BTCUSDT,1d
2024-12-06 00:00:00+00:00,96945.63,101898.99,95981.72,99740.84,45049.5331,binance,BTCUSDT,1d
2024-12-07 00:00:00+00:00,99740.84,100439.18,98844.0,99831.99,14931.9459,binance,BTCUSDT,1d
2024-12-08 00:00:00+00:00,99831.99,101351.0,98657.7,101109.59,14612.99688,binance,BTCUSDT,1d
2024-12-09 00:00:00+00:00,101109.6,101215.93,94150.05,97276.47,53949.11595,binance,BTCUSDT,1d
2024-12-10 00:00:00+00:00,97276.48,98270.0,94256.54,96593.0,51708.68933,binance,BTCUSDT,1d
2024-12-11 00:00:00+00:00,96593.0,101888.0,95658.24,101125.0,37753.78291,binance,BTCUSDT,1d
2024-12-12 00:00:00+00:00,101125.0,102540.0,99311.64,100004.29,29232.08745,binance,BTCUSDT,1d
2024-12-13 00:00:00+00:00,100004.29,101895.26,99205.0,101424.25,21904.03923,binance,BTCUSDT,1d
2024-12-14 00:00:00+00:00,101424.24,102650.0,100609.41,101420.0,14191.70326,binance,BTCUSDT,1d
2024-12-15 00:00:00+00:00,101420.0,105250.0,101237.14,104463.99,22228.921775,binance,BTCUSDT,1d
2024-12-16 00:00:00+00:00,104463.99,107793.07,103333.0,106058.66,41302.40274,binance,BTCUSDT,1d
2024-12-17 00:00:00+00:00,106058.65,108353.0,105321.49,106133.74,29064.936466,binance,BTCUSDT,1d
2024-12-18 00:00:00+00:00,106133.74,106524.98,100000.0,100204.01,50307.99755,binance,BTCUSDT,1d
2024-12-19 00:00:00+00:00,100204.01,102800.11,95700.0,97461.86,55147.398,binance,BTCUSDT,1d
2024-12-20 00:00:00+00:00,97461.86,98233.0,92232.54,97805.44,62884.1357,binance,BTCUSDT,1d
2024-12-21 00:00:00+00:00,97805.44,99540.61,96398.39,97291.99,23483.54143,binance,BTCUSDT,1d
2024-12-22 00:00:00+00:00,97292.0,97448.08,94250.35,95186.27,19353.83036,binance,BTCUSDT,1d
2024-12-23 00:00:00+00:00,95186.28,96538.92,92520.0,94881.47,32810.76703,binance,BTCUSDT,1d
2024-12-24 00:00:00+00:00,94881.47,99487.99,93569.02,98663.58,23674.22488,binance,BTCUSDT,1d
2024-12-25 00:00:00+00:00,98663.58,99569.15,97632.02,99429.6,14474.1651,binance,BTCUSDT,1d
2024-12-26 00:00:00+00:00,99429.61,99963.7,95199.14,95791.6,21192.36727,binance,BTCUSDT,1d
2024-12-27 00:00:00+00:00,95791.6,97544.58,93500.01,94299.03,26501.26429,binance,BTCUSDT,1d
2024-12-28 00:00:00+00:00,94299.03,95733.99,94135.66,95300.0,8385.8929,binance,BTCUSDT,1d
2024-12-29 00:00:00+00:00,95300.0,95340.0,93009.52,93738.2,13576.00578,binance,BTCUSDT,1d
2024-12-30 00:00:00+00:00,93738.19,95024.5,91530.45,92792.05,27619.4225,binance,BTCUSDT,1d
2024-12-31 00:00:00+00:00,92792.05,96250.0,92033.73,93576.0,19612.03389,binance,BTCUSDT,1d
2025-01-01 00:00:00+00:00,93576.0,95151.15,92888.0,94591.79,10373.32613,binance,BTCUSDT,1d
2025-01-02 00:00:00+00:00,94591.78,97839.5,94392.0,96984.79,21970.48948,binance,BTCUSDT,1d
2025-01-03 00:00:00+00:00,96984.79,98976.91,96100.01,98174.18,15253.82936,binance,BTCUSDT,1d
2025-01-04 00:00:00+00:00,98174.17,98778.43,97514.79,98220.5,8990.05651,binance,BTCUSDT,1d
2025-01-05 00:00:00+00:00,98220.51,98836.85,97276.79,98363.61,8095.63723,binance,BTCUSDT,1d
2025-01-06 00:00:00+00:00,98363.61,102480.0,97920.0,102235.6,25263.43375,binance,BTCUSDT,1d
2025-01-07 00:00:00+00:00,102235.6,102724.38,96181.81,96954.61,32059.87537,binance,BTCUSDT,1d
2025-01-08 00:00:00+00:00,96954.6,97268.65,92500.9,95060.61,33704.67894,binance,BTCUSDT,1d
2025-01-09 00:00:00+00:00,95060.61,95382.32,91203.67,92552.49,34544.83685,binance,BTCUSDT,1d
2025-01-10 00:00:00+00:00,92552.49,95836.0,92206.02,94726.11,31482.86424,binance,BTCUSDT,1d
2025-01-11 00:00:00+00:00,94726.1,95050.94,93831.73,94599.99,7047.9043,binance,BTCUSDT,1d
2025-01-12 00:00:00+00:00,94599.99,95450.1,93711.19,94545.06,8606.86622,binance,BTCUSDT,1d
2025-01-13 00:00:00+00:00,94545.07,95940.0,89256.69,94536.1,42619.56423,binance,BTCUSDT,1d
2025-01-14 00:00:00+00:00,94536.11,97371.0,94346.22,96560.86,27846.61753,binance,BTCUSDT,1d
2025-01-15 00:00:00+00:00,96560.85,100681.94,96500.0,100497.35,30509.99179,binance,BTCUSDT,1d
2025-01-16 00:00:00+00:00,100497.35,100866.66,97335.13,99987.3,27832.85317,binance,BTCUSDT,1d
2025-01-17 00:00:00+00:00,99987.3,105865.22,99950.77,104077.48,39171.85292,binance,BTCUSDT,1d
2025-01-18 00:00:00+00:00,104077.47,104988.88,102277.55,104556.23,24307.82998,binance,BTCUSDT,1d
2025-01-19 00:00:00+00:00,104556.23,106422.43,99651.6,101331.57,43397.28298,binance,BTCUSDT,1d
2025-01-20 00:00:00+00:00,101331.57,109588.0,99550.0,102260.01,89529.231732,binance,BTCUSDT,1d
2025-01-21 00:00:00+00:00,102260.0,107240.81,100119.04,106143.82,45941.02002,binance,BTCUSDT,1d
2025-01-22 00:00:00+00:00,106143.82,106394.46,103339.12,103706.66,22248.69254,binance,BTCUSDT,1d
2025-01-23 00:00:00+00:00,103706.66,106850.0,101262.28,103910.34,53953.12031,binance,BTCUSDT,1d
2025-01-24 00:00:00+00:00,103910.35,107120.0,102750.0,104870.5,23609.24017,binance,BTCUSDT,1d
2025-01-25 00:00:00+00:00,104870.51,105286.52,104106.09,104746.85,9068.32377,binance,BTCUSDT,1d
2025-01-26 00:00:00+00:00,104746.86,105500.0,102520.44,102620.0,9812.51238,binance,BTCUSDT,1d
2025-01-27 00:00:00+00:00,102620.01,103260.0,97777.77,102082.83,50758.1341,binance,BTCUSDT,1d
2025-01-28 00:00:00+00:00,102082.83,103800.0,100272.68,101335.52,22022.05765,binance,BTCUSDT,1d
2025-01-29 00:00:00+00:00,101335.52,104782.68,101328.01,103733.24,23155.35802,binance,BTCUSDT,1d
2025-01-30 00:00:00+00:00,103733.25,106457.44,103278.54,104722.94,19374.07472,binance,BTCUSDT,1d
2025-01-31 00:00:00+00:00,104722.94,106012.0,101560.0,102429.56,21983.18193,binance,BTCUSDT,1d
2025-02-01 00:00:00+00:00,102429.56,102783.71,100279.51,100635.65,12290.95747,binance,BTCUSDT,1d
2025-02-02 00:00:00+00:00,100635.66,101456.6,96150.0,97700.59,34619.49939,binance,BTCUSDT,1d
2025-02-03 00:00:00+00:00,97700.59,102500.01,91231.0,101328.52,75164.7385,binance,BTCUSDT,1d
2025-02-04 00:00:00+00:00,101328.51,101732.31,96150.0,97763.13,40267.98697,binance,BTCUSDT,1d
2025-02-05 00:00:00+00:00,97763.14,99149.0,96155.0,96612.43,26233.30444,binance,BTCUSDT,1d
2025-02-06 00:00:00+00:00,96612.44,99120.0,95676.64,96554.35,23515.20405,binance,BTCUSDT,1d
2025-02-07 00:00:00+00:00,96554.35,100137.99,95620.34,96506.8,31794.22065,binance,BTCUSDT,1d
2025-02-08 00:00:00+00:00,96506.8,96880.0,95688.0,96444.74,10147.24294,binance,BTCUSDT,1d
2025-02-09 00:00:00+00:00,96444.75,97323.09,94713.0,96462.75,14120.91613,binance,BTCUSDT,1d
2025-02-10 00:00:00+00:00,96462.75,98345.0,95256.0,97430.82,20572.87537,binance,BTCUSDT,1d
2025-02-11 00:00:00+00:00,97430.82,98478.42,94876.88,95778.2,18647.76379,binance,BTCUSDT,1d
2025-02-12 00:00:00+00:00,95778.21,98119.99,94088.23,97869.99,29151.16625,binance,BTCUSDT,1d
2025-02-13 00:00:00+00:00,97870.0,98083.91,95217.36,96608.14,19921.77616,binance,BTCUSDT,1d
2025-02-14 00:00:00+00:00,96608.13,98826.0,96252.82,97500.48,18173.02646,binance,BTCUSDT,1d
2025-02-15 00:00:00+00:00,97500.47,97972.26,97223.58,97569.66,7349.37683,binance,BTCUSDT,1d
2025-02-16 00:00:00+00:00,97569.67,97704.47,96046.18,96118.12,8191.4249,binance,BTCUSDT,1d
2025-02-17 00:00:00+00:00,96118.12,97046.59,95205.0,95780.0,16492.0451,binance,BTCUSDT,1d
2025-02-18 00:00:00+00:00,95780.01,96753.91,93388.09,95671.74,23368.19471,binance,BTCUSDT,1d
2025-02-19 00:00:00+00:00,95671.74,96899.99,95029.99,96644.37,16438.50954,binance,BTCUSDT,1d
2025-02-20 00:00:00+00:00,96644.37,98711.36,96415.09,98305.0,17057.39177,binance,BTCUSDT,1d
2025-02-21 00:00:00+00:00,98305.01,99475.0,94871.95,96181.98,32249.2814,binance,BTCUSDT,1d
2025-02-22 00:00:00+00:00,96181.99,96980.0,95770.49,96551.01,11268.17708,binance,BTCUSDT,1d
2025-02-23 00:00:00+00:00,96551.01,96650.0,95227.94,96258.0,10884.84913,binance,BTCUSDT,1d
2025-02-24 00:00:00+00:00,96258.0,96500.0,91349.26,91552.88,31550.10299,binance,BTCUSDT,1d
2025-02-25 00:00:00+00:00,91552.88,92540.69,86050.99,88680.4,78333.11111,binance,BTCUSDT,1d
2025-02-26 00:00:00+00:00,88680.39,89414.15,82256.01,84250.09,56893.54409,binance,BTCUSDT,1d
2025-02-27 00:00:00+00:00,84250.09,87078.46,82716.49,84708.58,42505.45439,binance,BTCUSDT,1d
2025-02-28 00:00:00+00:00,84708.57,85120.0,78258.52,84349.94,83648.03969,binance,BTCUSDT,1d
2025-03-01 00:00:00+00:00,84349.95,86558.0,83824.78,86064.53,25785.05464,binance,BTCUSDT,1d
2025-03-02 00:00:00+00:00,86064.54,95000.0,85050.6,94270.0,54889.09045,binance,BTCUSDT,1d
2025-03-03 00:00:00+00:00,94269.99,94416.46,85117.11,86220.61,59171.10218,binance,BTCUSDT,1d
2025-03-04 00:00:00+00:00,86221.16,88967.52,81500.0,87281.98,55609.10706,binance,BTCUSDT,1d
2025-03-05 00:00:00+00:00,87281.98,91000.0,86334.53,90606.01,38264.01163,binance,BTCUSDT,1d
2025-03-06 00:00:00+00:00,90606.0,92810.64,87836.0,89931.89,34342.44902,binance,BTCUSDT,1d
2025-03-07 00:00:00+00:00,89931.88,91283.02,84667.03,86801.75,57980.35713,binance,BTCUSDT,1d
2025-03-08 00:00:00+00:00,86801.74,86897.25,85218.47,86222.45,12989.23054,binance,BTCUSDT,1d
2025-03-09 00:00:00+00:00,86222.46,86500.0,80000.0,80734.37,26115.39345,binance,BTCUSDT,1d
2025-03-10 00:00:00+00:00,80734.48,84123.46,77459.91,78595.86,47633.38405,binance,BTCUSDT,1d
2025-03-11 00:00:00+00:00,78595.86,83617.4,76606.0,82932.99,48770.06853,binance,BTCUSDT,1d
2025-03-12 00:00:00+00:00,82932.99,84539.85,80607.65,83680.12,31933.986,binance,BTCUSDT,1d
2025-03-13 00:00:00+00:00,83680.12,84336.33,79939.9,81115.78,27546.27412,binance,BTCUSDT,1d
2025-03-14 00:00:00+00:00,81115.78,85309.71,80818.84,83983.2,26858.52755,binance,BTCUSDT,1d
2025-03-15 00:00:00+00:00,83983.19,84676.28,83618.0,84338.44,11324.7332,binance,BTCUSDT,1d
2025-03-16 00:00:00+00:00,84338.44,85117.04,81981.12,82574.53,17596.12531,binance,BTCUSDT,1d
2025-03-17 00:00:00+00:00,82574.52,84756.83,82456.0,84010.03,17214.74358,binance,BTCUSDT,1d
2025-03-18 00:00:00+00:00,84010.02,84021.74,81134.66,82715.03,17610.89883,binance,BTCUSDT,1d
2025-03-19 00:00:00+00:00,82715.03,87000.0,82547.16,86845.94,28151.05374,binance,BTCUSDT,1d
2025-03-20 00:00:00+00:00,86845.93,87453.67,83655.23,84223.39,22090.30463,binance,BTCUSDT,1d
2025-03-21 00:00:00+00:00,84223.38,84850.33,83175.25,84088.79,11956.97443,binance,BTCUSDT,1d
2025-03-22 00:00:00+00:00,84088.79,84539.17,83625.1,83840.59,5420.22114,binance,BTCUSDT,1d
2025-03-23 00:00:00+00:00,83840.59,86129.64,83809.75,86082.5,8461.97813,binance,BTCUSDT,1d
2025-03-24 00:00:00+00:00,86082.5,88765.43,85519.09,87498.16,30115.62111,binance,BTCUSDT,1d
2025-03-25 00:00:00+00:00,87498.16,88539.63,86310.0,87392.87,22643.25248,binance,BTCUSDT,1d
2025-03-26 00:00:00+00:00,87392.88,88275.0,85860.0,86909.17,18408.78485,binance,BTCUSDT,1d
2025-03-27 00:00:00+00:00,86909.17,87756.39,85800.0,87232.01,17098.03897,binance,BTCUSDT,1d
2025-03-28 00:00:00+00:00,87232.01,87515.67,83585.0,84424.38,27182.73169,binance,BTCUSDT,1d
2025-03-29 00:00:00+00:00,84424.38,84624.73,81644.81,82648.54,11696.39864,binance,BTCUSDT,1d
2025-03-30 00:00:00+00:00,82648.53,83534.64,81565.0,82389.99,9864.49508,binance,BTCUSDT,1d
2025-03-31 00:00:00+00:00,82390.0,83943.08,81278.52,82550.01,20569.13885,binance,BTCUSDT,1d
2025-04-01 00:00:00+00:00,82550.0,85579.46,82432.74,85158.34,20190.39697,binance,BTCUSDT,1d
2025-04-02 00:00:00+00:00,85158.35,88500.0,82320.0,82516.29,39931.457,binance,BTCUSDT,1d
2025-04-03 00:00:00+00:00,82516.28,83998.02,81211.24,83213.09,27337.84135,binance,BTCUSDT,1d
2025-04-04 00:00:00+00:00,83213.09,84720.0,81659.0,83889.87,32915.53976,binance,BTCUSDT,1d
2025-04-05 00:00:00+00:00,83889.87,84266.0,82379.95,83537.99,9360.40468,binance,BTCUSDT,1d
2025-04-06 00:00:00+00:00,83537.99,83817.63,77153.83,78430.0,27942.71436,binance,BTCUSDT,1d
2025-04-07 00:00:00+00:00,78430.0,81243.58,74508.0,79163.24,78387.53089,binance,BTCUSDT,1d
2025-04-08 00:00:00+00:00,79163.24,80867.99,76239.9,76322.42,35317.32063,binance,BTCUSDT,1d
2025-04-09 00:00:00+00:00,76322.42,83588.0,74620.0,82615.22,75488.28772,binance,BTCUSDT,1d
2025-04-10 00:00:00+00:00,82615.22,82753.21,78464.36,79607.3,33284.80718,binance,BTCUSDT,1d
2025-04-11 00:00:00+00:00,79607.3,84300.0,78969.58,83423.84,34435.43797,binance,BTCUSDT,1d
2025-04-12 00:00:00+00:00,83423.83,85905.0,82792.95,85276.9,18470.74437,binance,BTCUSDT,1d
2025-04-13 00:00:00+00:00,85276.91,86100.0,83034.23,83760.0,24680.04181,binance,BTCUSDT,1d
2025-04-14 00:00:00+00:00,83760.0,85799.99,83678.0,84591.58,28659.09348,binance,BTCUSDT,1d
2025-04-15 00:00:00+00:00,84591.58,86496.42,83600.0,83643.99,20910.99528,binance,BTCUSDT,1d
2025-04-16 00:00:00+00:00,83643.99,85500.0,83111.64,84030.38,20867.24519,binance,BTCUSDT,1d
2025-04-17 00:00:00+00:00,84030.38,85470.01,83736.26,84947.91,13728.84772,binance,BTCUSDT,1d
2025-04-18 00:00:00+00:00,84947.92,85132.08,84303.96,84474.69,6529.96315,binance,BTCUSDT,1d
2025-04-19 00:00:00+00:00,84474.7,85677.99,84364.45,85077.01,9666.58153,binance,BTCUSDT,1d
2025-04-20 00:00:00+00:00,85077.0,85320.76,83949.52,85179.24,8091.67725,binance,BTCUSDT,1d
2025-04-21 00:00:00+00:00,85179.24,88465.99,85144.76,87516.23,31773.37262,binance,BTCUSDT,1d
2025-04-22 00:00:00+00:00,87516.22,93888.0,87076.03,93442.99,43872.74705,binance,BTCUSDT,1d
2025-04-23 00:00:00+00:00,93442.99,94696.05,91935.41,93691.08,27404.16808,binance,BTCUSDT,1d
2025-04-24 00:00:00+00:00,93691.07,94005.0,91660.01,93980.47,19497.06071,binance,BTCUSDT,1d
2025-04-25 00:00:00+00:00,93980.47,95758.04,92855.96,94638.68,27500.66648,binance,BTCUSDT,1d
2025-04-26 00:00:00+00:00,94638.68,95199.0,93870.69,94628.0,9415.06875,binance,BTCUSDT,1d
2025-04-27 00:00:00+00:00,94628.0,95369.0,93602.58,93749.3,11162.841,binance,BTCUSDT,1d
2025-04-28 00:00:00+00:00,93749.29,95630.0,92800.01,95011.18,22157.53351,binance,BTCUSDT,1d
2025-04-29 00:00:00+00:00,95011.18,95461.53,93742.54,94256.82,16955.3402,binance,BTCUSDT,1d
2025-04-30 00:00:00+00:00,94256.82,95228.45,92910.0,94172.0,17661.2751,binance,BTCUSDT,1d
2025-04-30 08:00:00+00:00,94620.99,95228.45,94527.58,95176.66,1661.24557,binance,BTCUSDT,4h
2025-04-30 12:00:00+00:00,95176.66,95214.9,92910.0,94004.63,8257.162,binance,BTCUSDT,4h
2025-04-30 16:00:00+00:00,94004.63,94500.0,93528.71,94152.01,2035.58804,binance,BTCUSDT,4h
2025-04-30 20:00:00+00:00,94152.01,94784.1,94005.0,94172.0,2094.66545,binance,BTCUSDT,4h
2025-05-01 00:00:00+00:00,94172.0,95040.3,94130.43,94782.6,2877.4378,binance,BTCUSDT,4h
2025-05-01 04:00:00+00:00,94782.6,95180.0,94714.38,95025.84,1880.34885,binance,BTCUSDT,4h
2025-05-01 08:00:00+00:00,95025.84,96396.31,94913.04,96180.01,4237.08588,binance,BTCUSDT,4h
2025-05-01 12:00:00+00:00,96180.01,97424.02,95769.66,96854.3,7399.49215,binance,BTCUSDT,4h
2025-05-01 16:00:00+00:00,96854.31,97367.26,96424.44,96523.26,3200.80242,binance,BTCUSDT,4h
2025-05-01 20:00:00+00:00,96523.26,96885.77,96184.19,96489.91,1785.28633,binance,BTCUSDT,4h
2025-05-02 00:00:00+00:00,96489.9,97233.1,96466.21,97102.32,2134.18118,binance,BTCUSDT,4h
2025-05-02 04:00:00+00:00,97102.32,97309.78,96350.0,96350.0,2432.89056,binance,BTCUSDT,4h
2025-05-02 08:00:00+00:00,96350.01,97100.0,96350.0,96928.97,1860.2708,binance,BTCUSDT,4h
2025-05-02 12:00:00+00:00,96928.97,97895.68,96650.94,97330.19,5047.18173,binance,BTCUSDT,4h
2025-05-02 16:00:00+00:00,97330.19,97783.02,96769.84,96924.23,2332.70775,binance,BTCUSDT,4h
2025-05-02 20:00:00+00:00,96924.23,97136.0,96561.57,96887.14,1098.51609,binance,BTCUSDT,4h
2025-05-03 00:00:00+00:00,96887.13,96935.67,96300.02,96337.5,2058.72462,binance,BTCUSDT,4h
2025-05-03 04:00:00+00:00,96337.5,96593.0,96132.67,96322.68,1508.87428,binance,BTCUSDT,4h
2025-05-03 08:00:00+00:00,96322.68,96421.91,95852.29,95942.02,2622.43769,binance,BTCUSDT,4h
2025-05-03 12:00:00+00:00,95942.01,96509.44,95880.65,96418.68,1447.96366,binance,BTCUSDT,4h
2025-05-03 16:00:00+00:00,96418.68,96428.33,95869.68,96354.34,899.94616,binance,BTCUSDT,4h
2025-05-03 20:00:00+00:00,96354.34,96441.49,95753.01,95856.42,1185.40197,binance,BTCUSDT,4h
2025-05-04 00:00:00+00:00,95856.42,96304.48,95588.0,95722.23,1523.29654,binance,BTCUSDT,4h
2025-05-04 04:00:00+00:00,95722.22,96142.86,95692.7,95879.99,1780.05807,binance,BTCUSDT,4h
2025-05-04 08:00:00+00:00,95879.99,95923.54,95286.78,95423.2,2146.9622,binance,BTCUSDT,4h
2025-05-04 12:00:00+00:00,95423.19,95690.48,95209.07,95467.6,1981.94879,binance,BTCUSDT,4h
2025-05-04 16:00:00+00:00,95467.6,95640.98,95239.33,95584.07,863.77274,binance,BTCUSDT,4h
2025-05-04 20:00:00+00:00,95584.07,95758.08,94151.38,94277.62,2740.34508,binance,BTCUSDT,4h
2025-05-05 00:00:00+00:00,94277.61,95199.0,93514.1,94733.68,17251.18189,binance,BTCUSDT,1d
2025-05-05 04:00:00+00:00,94031.47,94825.46,94020.66,94761.91,2335.74375,binance,BTCUSDT,4h
2025-05-05 08:00:00+00:00,94761.91,94798.01,93888.0,94038.18,2541.09717,binance,BTCUSDT,4h
2025-05-05 12:00:00+00:00,94038.19,94531.74,93613.66,93770.31,4184.72517,binance,BTCUSDT,4h
2025-05-05 16:00:00+00:00,93770.32,94900.0,93759.63,94347.17,2339.27872,binance,BTCUSDT,4h
2025-05-05 20:00:00+00:00,94347.16,95199.0,93876.0,94733.68,1710.19684,binance,BTCUSDT,4h
2025-05-06 00:00:00+00:00,94733.68,94926.99,94012.78,94454.01,1586.4337,binance,BTCUSDT,4h
2025-05-06 04:00:00+00:00,94454.01,94638.01,94308.63,94400.99,1310.52658,binance,BTCUSDT,4h
2025-05-06 08:00:00+00:00,94400.98,94400.99,93720.63,93812.54,2666.58253,binance,BTCUSDT,4h
2025-05-06 12:00:00+00:00,93812.53,94733.38,93377.0,94558.95,3922.63869,binance,BTCUSDT,4h
2025-05-06 16:00:00+00:00,94558.94,95157.0,94216.0,94963.5,2336.80706,binance,BTCUSDT,4h
2025-05-06 20:00:00+00:00,94963.5,96920.65,94452.75,96834.02,4299.65657,binance,BTCUSDT,4h
2025-05-07 00:00:00+00:00,96834.02,97732.0,96208.1,96506.9,5180.41253,binance,BTCUSDT,4h
2025-05-07 04:00:00+00:00,96506.9,97013.53,96310.89,96994.82,2170.95622,binance,BTCUSDT,4h
2025-05-07 08:00:00+00:00,96994.82,97111.0,96833.33,97047.43,1298.75814,binance,BTCUSDT,4h
2025-05-07 12:00:00+00:00,97047.43,97478.27,96713.14,96923.91,2791.58426,binance,BTCUSDT,4h
2025-05-07 16:00:00+00:00,96923.91,96961.04,95784.61,96180.01,3605.87038,binance,BTCUSDT,4h
2025-05-07 20:00:00+00:00,96180.0,97390.0,96076.92,97030.5,1597.25701,binance,BTCUSDT,4h
2025-05-08 00:00:00+00:00,97030.5,104145.76,96876.29,103261.6,34962.02847,binance,BTCUSDT,1d
2025-05-08 04:00:00+00:00,99152.79,99419.0,98723.25,99252.34,4129.30669,binance,BTCUSDT,4h
2025-05-08 08:00:00+00:00,99252.34,99888.0,99209.04,99409.14,3702.67483,binance,BTCUSDT,4h
2025-05-08 12:00:00+00:00,99409.15,101525.03,99090.66,100758.08,7963.43171,binance,BTCUSDT,4h
2025-05-08 16:00:00+00:00,100758.08,101707.02,100596.0,101299.99,5099.76086,binance,BTCUSDT,4h
2025-05-08 20:00:00+00:00,101300.0,104145.76,101285.71,103261.6,7656.82539,binance,BTCUSDT,4h
2025-05-09 00:00:00+00:00,103261.61,104361.3,102315.14,102971.99,27617.39907,binance,BTCUSDT,1d
2025-05-09 04:00:00+00:00,102451.04,104361.3,102374.03,103628.77,5971.49947,binance,BTCUSDT,4h
2025-05-09 08:00:00+00:00,103628.76,103930.0,102421.0,102958.31,8403.08937,binance,BTCUSDT,4h
2025-05-09 12:00:00+00:00,102958.31,103793.66,102411.99,102895.99,5841.22214,binance,BTCUSDT,4h
2025-05-09 16:00:00+00:00,102895.99,103370.54,102315.14,103189.17,2349.89886,binance,BTCUSDT,4h
2025-05-09 20:00:00+00:00,103189.17,103408.0,102727.25,102971.99,1317.83583,binance,BTCUSDT,4h
2025-05-10 00:00:00+00:00,102971.99,104984.57,102818.76,104809.53,15324.78611,binance,BTCUSDT,1d
2025-05-10 04:00:00+00:00,103226.25,104100.0,103034.5,103759.71,2472.72488,binance,BTCUSDT,4h
2025-05-10 08:00:00+00:00,103759.71,104079.37,103366.0,103434.94,2876.2662,binance,BTCUSDT,4h
2025-05-10 12:00:00+00:00,103434.94,103825.4,103100.0,103138.77,1933.54411,binance,BTCUSDT,4h
2025-05-10 16:00:00+00:00,103138.76,103619.68,103005.33,103191.35,2330.41287,binance,BTCUSDT,4h
2025-05-10 20:00:00+00:00,103191.35,104984.57,103068.87,104809.53,3922.94357,binance,BTCUSDT,4h
2025-05-11 00:00:00+00:00,104809.53,104972.0,103466.05,104007.03,3855.57081,binance,BTCUSDT,4h
2025-05-11 04:00:00+00:00,104007.03,104400.0,103345.06,103385.47,2952.77072,binance,BTCUSDT,4h
2025-05-11 08:00:00+00:00,103385.46,104777.0,103380.95,104652.01,2472.65506,binance,BTCUSDT,4h
2025-05-11 12:00:00+00:00,104652.01,104888.0,103775.91,104150.0,4500.51294,binance,BTCUSDT,4h
2025-05-11 16:00:00+00:00,104150.0,104832.82,103750.0,104420.0,2312.17239,binance,BTCUSDT,4h
2025-05-11 20:00:00+00:00,104420.0,104578.62,103569.77,104118.0,1893.44005,binance,BTCUSDT,4h
2025-05-12 00:00:00+00:00,104118.0,105086.42,103702.15,104100.13,4046.32885,binance,BTCUSDT,4h
2025-05-12 04:00:00+00:00,104100.13,105819.45,103750.0,104467.99,6956.58682,binance,BTCUSDT,4h
2025-05-12 08:00:00+00:00,104467.99,104736.45,103625.0,103762.9,4195.60245,binance,BTCUSDT,4h
2025-05-12 12:00:00+00:00,103762.89,104629.96,102388.0,102527.26,7882.24448,binance,BTCUSDT,4h
2025-05-12 16:00:00+00:00,102527.27,103088.88,100718.37,101860.0,6054.64243,binance,BTCUSDT,4h
2025-05-12 20:00:00+00:00,101859.99,103127.92,101770.2,102791.32,2137.37289,binance,BTCUSDT,4h
2025-05-13 00:00:00+00:00,102791.32,102791.32,101429.7,101719.4,3352.34144,binance,BTCUSDT,4h
2025-05-13 04:00:00+00:00,101719.4,102943.28,101610.56,102665.5,3546.89229,binance,BTCUSDT,4h
2025-05-13 08:00:00+00:00,102665.5,103822.03,102540.18,103729.2,2797.46591,binance,BTCUSDT,4h
2025-05-13 12:00:00+00:00,103729.2,103966.0,102811.32,103682.55,4451.38278,binance,BTCUSDT,4h
2025-05-13 16:00:00+00:00,103682.54,104976.25,103532.18,104792.22,5053.45199,binance,BTCUSDT,4h
2025-05-13 20:00:00+00:00,104792.21,104928.0,103869.01,104103.72,2051.88968,binance,BTCUSDT,4h
2025-05-14 00:00:00+00:00,104103.72,104115.86,103453.26,103587.44,3010.71837,binance,BTCUSDT,4h
2025-05-14 04:00:00+00:00,103587.44,103971.0,103381.02,103716.55,2102.25399,binance,BTCUSDT,4h
2025-05-14 08:00:00+00:00,103716.55,104145.0,102875.22,103944.93,3535.76301,binance,BTCUSDT,4h
2025-05-14 12:00:00+00:00,103944.93,104356.95,102833.55,103514.24,5202.04446,binance,BTCUSDT,4h
2025-05-14 16:00:00+00:00,103514.24,103720.44,102602.05,103321.72,1856.97684,binance,BTCUSDT,4h
2025-05-14 20:00:00+00:00,103321.73,103667.52,103304.66,103507.82,745.15143,binance,BTCUSDT,4h
2025-05-15 00:00:00+00:00,103507.83,104192.7,101383.07,103763.71,17998.98604,binance,BTCUSDT,1d
2025-05-15 04:00:00+00:00,102753.62,102962.38,101724.17,101779.99,2353.66229,binance,BTCUSDT,4h
2025-05-15 08:00:00+00:00,101779.99,102441.0,101500.0,102371.61,2612.10704,binance,BTCUSDT,4h
2025-05-15 12:00:00+00:00,102371.62,103291.99,101383.07,103251.35,4312.54952,binance,BTCUSDT,4h
2025-05-15 16:00:00+00:00,103251.36,104192.7,102552.35,103157.26,4442.22626,binance,BTCUSDT,4h
2025-05-15 20:00:00+00:00,103157.26,103980.84,102708.46,103763.71,2480.64372,binance,BTCUSDT,4h
2025-05-16 00:00:00+00:00,103763.71,104466.01,103467.91,104023.49,3294.14952,binance,BTCUSDT,4h
2025-05-16 04:00:00+00:00,104023.49,104190.48,103694.18,103710.17,2338.96041,binance,BTCUSDT,4h
2025-05-16 08:00:00+00:00,103710.17,103900.0,103100.49,103651.71,3118.57852,binance,BTCUSDT,4h
2025-05-16 12:00:00+00:00,103651.72,104286.0,103343.07,104183.33,3503.77985,binance,BTCUSDT,4h
2025-05-16 16:00:00+00:00,104183.32,104550.33,103587.0,104032.6,2352.84073,binance,BTCUSDT,4h
2025-05-16 20:00:00+00:00,104032.6,104032.6,103397.5,103463.9,1075.57121,binance,BTCUSDT,4h
2025-05-17 00:00:00+00:00,103463.9,103709.86,102612.5,103126.65,11250.89622,binance,BTCUSDT,1d
2025-05-17 04:00:00+00:00,103508.48,103709.86,103285.71,103451.14,1318.92723,binance,BTCUSDT,4h
2025-05-17 08:00:00+00:00,103451.13,103568.58,102753.67,102994.17,2720.30154,binance,BTCUSDT,4h
2025-05-17 12:00:00+00:00,102994.18,103180.0,102640.02,102939.53,1272.66735,binance,BTCUSDT,4h
2025-05-17 16:00:00+00:00,102939.52,103350.0,102761.9,103158.6,1287.9669,binance,BTCUSDT,4h
2025-05-17 20:00:00+00:00,103158.6,103477.87,102900.72,103126.65,1792.19392,binance,BTCUSDT,4h
2025-05-18 00:00:00+00:00,103126.65,103409.98,103105.09,103295.7,913.9652,binance,BTCUSDT,4h
2025-05-18 04:00:00+00:00,103295.7,103988.0,103295.69,103919.39,1414.68073,binance,BTCUSDT,4h
2025-05-18 08:00:00+00:00,103919.39,104088.2,103800.0,103800.54,1574.15623,binance,BTCUSDT,4h
2025-05-18 12:00:00+00:00,103800.55,105680.0,103701.4,105518.0,4982.50382,binance,BTCUSDT,4h
2025-05-18 16:00:00+00:00,105518.0,105980.0,103851.01,103883.97,5395.35549,binance,BTCUSDT,4h
2025-05-18 20:00:00+00:00,103883.98,106660.0,103285.71,106454.26,7319.32579,binance,BTCUSDT,4h
2025-05-19 00:00:00+00:00,106454.27,107108.62,102000.0,105573.74,30260.03524,binance,BTCUSDT,1d
2025-05-19 04:00:00+00:00,103605.9,103779.99,102000.0,103226.29,7899.03768,binance,BTCUSDT,4h
2025-05-19 08:00:00+00:00,103226.29,103425.53,102782.6,102963.41,2683.33916,binance,BTCUSDT,4h
2025-05-19 12:00:00+00:00,102963.4,104968.75,102126.16,104786.41,6071.83103,binance,BTCUSDT,4h
2025-05-19 16:00:00+00:00,104786.42,105561.76,104491.53,105517.7,4503.35567,binance,BTCUSDT,4h
2025-05-19 20:00:00+00:00,105517.64,105829.99,105016.27,105573.74,3272.0576,binance,BTCUSDT,4h
2025-05-20 00:00:00+00:00,105573.73,107320.0,104184.72,106849.99,23705.48275,binance,BTCUSDT,1d
2025-05-20 04:00:00+00:00,105761.92,106399.0,104928.44,105021.71,3035.55334,binance,BTCUSDT,4h
2025-05-20 08:00:00+00:00,105021.7,105416.66,104847.16,105203.76,2326.54242,binance,BTCUSDT,4h
2025-05-20 12:00:00+00:00,105203.75,105391.27,104184.72,105333.68,3799.70194,binance,BTCUSDT,4h
2025-05-20 16:00:00+00:00,105333.67,107238.37,105090.9,107026.47,5057.29953,binance,BTCUSDT,4h
2025-05-20 20:00:00+00:00,107026.47,107320.0,105935.83,106849.99,3735.83225,binance,BTCUSDT,4h
2025-05-21 00:00:00+00:00,106850.0,107206.94,106186.79,106843.59,2584.02606,binance,BTCUSDT,4h
2025-05-21 04:00:00+00:00,106843.6,107985.05,106454.54,106527.16,5791.25242,binance,BTCUSDT,4h
2025-05-21 08:00:00+00:00,106527.17,106797.98,106100.01,106546.44,2982.12972,binance,BTCUSDT,4h
2025-05-21 12:00:00+00:00,106546.43,109458.0,106329.47,108973.35,11705.49449,binance,BTCUSDT,4h
2025-05-21 16:00:00+00:00,108973.34,109845.0,106117.67,108603.79,14958.19983,binance,BTCUSDT,4h
2025-05-21 20:00:00+00:00,108603.79,110797.38,107725.0,109643.99,7509.937825,binance,BTCUSDT,4h
2025-05-22 00:00:00+00:00,109643.99,111980.0,109177.37,111696.21,31630.77313,binance,BTCUSDT,1d
2025-05-22 04:00:00+00:00,111780.84,111795.04,110461.87,111045.45,7103.40338,binance,BTCUSDT,4h
2025-05-22 08:00:00+00:00,111045.45,111326.2,110272.72,110981.97,4014.18788,binance,BTCUSDT,4h
2025-05-22 12:00:00+00:00,110981.98,111626.43,110550.0,111290.86,6086.26018,binance,BTCUSDT,4h
2025-05-22 16:00:00+00:00,111290.85,111980.0,110916.4,111188.0,3260.6327,binance,BTCUSDT,4h
2025-05-22 20:00:00+00:00,111188.0,111717.34,110763.27,111696.21,2148.55731,binance,BTCUSDT,4h
2025-05-23 00:00:00+00:00,111696.22,111800.0,111000.13,111100.01,2834.29482,binance,BTCUSDT,4h
2025-05-23 04:00:00+00:00,111100.0,111181.82,110407.89,110715.42,3226.515,binance,BTCUSDT,4h
2025-05-23 08:00:00+00:00,110715.41,111381.61,108888.0,109076.35,4204.18634,binance,BTCUSDT,4h
2025-05-23 12:00:00+00:00,109076.36,109992.75,107316.0,108940.0,13163.25808,binance,BTCUSDT,4h
2025-05-23 16:00:00+00:00,108940.0,109809.53,108001.0,108716.07,4951.18081,binance,BTCUSDT,4h
2025-05-23 20:00:00+00:00,108714.01,108727.28,106800.0,107318.3,3358.28804,binance,BTCUSDT,4h
2025-05-24 00:00:00+00:00,107318.3,109506.03,106875.41,107761.91,16782.53129,binance,BTCUSDT,1d
2025-05-24 04:00:00+00:00,108366.31,108582.33,107566.37,107587.75,1982.27366,binance,BTCUSDT,4h
2025-05-24 08:00:00+00:00,107587.75,109506.03,107587.74,109208.56,5417.04518,binance,BTCUSDT,4h
2025-05-24 12:00:00+00:00,109208.57,109282.81,108540.0,108929.7,2666.17903,binance,BTCUSDT,4h
2025-05-24 16:00:00+00:00,108929.71,109200.0,108682.36,108960.0,1015.55537,binance,BTCUSDT,4h
2025-05-24 20:00:00+00:00,108960.0,109125.0,107500.0,107761.91,3380.15732,binance,BTCUSDT,4h
2025-05-25 00:00:00+00:00,107761.9,109299.99,106600.64,109004.19,17710.04695,binance,BTCUSDT,1d
2025-05-25 04:00:00+00:00,108095.76,108288.69,107454.54,107681.81,1293.71165,binance,BTCUSDT,4h
2025-05-25 08:00:00+00:00,107681.82,107700.65,106708.98,107260.0,3399.35699,binance,BTCUSDT,4h
2025-05-25 12:00:00+00:00,107259.99,107743.34,106600.64,106967.97,5093.14772,binance,BTCUSDT,4h
2025-05-25 16:00:00+00:00,106967.97,107940.95,106640.52,107717.01,2103.88371,binance,BTCUSDT,4h
2025-05-25 20:00:00+00:00,107717.02,109299.99,107176.0,109004.19,3324.06607,binance,BTCUSDT,4h
2025-05-26 00:00:00+00:00,109004.2,110422.22,108670.58,109434.79,14649.11593,binance,BTCUSDT,1d
2025-05-26 04:00:00+00:00,109623.54,110228.11,109365.29,110094.62,2472.4091,binance,BTCUSDT,4h
2025-05-26 08:00:00+00:00,110094.62,110173.92,109556.69,109772.72,1654.27634,binance,BTCUSDT,4h
2025-05-26 12:00:00+00:00,109772.73,110420.74,109494.74,110009.82,3113.22041,binance,BTCUSDT,4h
2025-05-26 16:00:00+00:00,110009.83,110422.22,108858.28,109130.44,3037.99696,binance,BTCUSDT,4h
2025-05-26 20:00:00+00:00,109130.44,109888.89,108940.0,109434.79,1280.41672,binance,BTCUSDT,4h
2025-05-27 00:00:00+00:00,109434.78,110718.0,107516.57,108938.17,21276.65635,binance,BTCUSDT,1d
2025-05-27 04:00:00+00:00,108892.15,109636.37,108550.0,109547.16,3340.1595,binance,BTCUSDT,4h
2025-05-27 08:00:00+00:00,109540.0,109899.0,109428.98,109585.49,1886.45358,binance,BTCUSDT,4h
2025-05-27 12:00:00+00:00,109585.49,110718.0,108670.29,110140.11,6777.89203,binance,BTCUSDT,4h
2025-05-27 16:00:00+00:00,110140.11,110499.64,109574.46,109877.87,2624.04806,binance,BTCUSDT,4h
2025-05-27 20:00:00+00:00,109877.87,109897.49,108600.0,108938.17,1943.79588,binance,BTCUSDT,4h
2025-05-28 00:00:00+00:00,108938.17,109284.7,108400.0,108863.64,2003.85357,binance,BTCUSDT,4h
2025-05-28 04:00:00+00:00,108863.64,109089.68,108624.43,108816.44,1391.51979,binance,BTCUSDT,4h
2025-05-28 08:00:00+00:00,108816.44,109130.44,108258.01,108870.38,1891.22828,binance,BTCUSDT,4h
2025-05-28 12:00:00+00:00,108870.39,109053.39,107045.45,107107.31,5751.05895,binance,BTCUSDT,4h
2025-05-28 16:00:00+00:00,107107.31,107842.29,106938.24,106946.01,2757.68701,binance,BTCUSDT,4h
2025-05-28 20:00:00+00:00,106946.0,108043.95,106769.43,107781.78,1838.44069,binance,BTCUSDT,4h
2025-05-29 00:00:00+00:00,107781.78,108891.91,105322.86,105589.75,19834.70116,binance,BTCUSDT,1d
2025-05-29 04:00:00+00:00,108044.87,108106.94,106948.01,107880.72,2287.08404,binance,BTCUSDT,4h
2025-05-29 08:00:00+00:00,107880.73,108891.91,107681.81,108779.84,2525.30968,binance,BTCUSDT,4h
2025-05-29 12:00:00+00:00,108779.83,108797.25,106474.0,107019.89,5170.87467,binance,BTCUSDT,4h
2025-05-29 16:00:00+00:00,107019.9,107168.23,105639.3,105731.74,4682.29852,binance,BTCUSDT,4h
2025-05-29 20:00:00+00:00,105731.74,106470.69,105322.86,105589.75,2157.08816,binance,BTCUSDT,4h
2025-05-30 00:00:00+00:00,105589.75,106214.93,104600.5,106024.33,4390.94984,binance,BTCUSDT,4h
2025-05-30 04:00:00+00:00,106024.33,106313.12,104727.72,105028.02,4187.15493,binance,BTCUSDT,4h
2025-05-30 08:00:00+00:00,105028.03,105981.75,104606.01,105880.51,3463.58178,binance,BTCUSDT,4h
2025-05-30 12:00:00+00:00,105880.5,106000.0,105047.61,105543.0,4176.35736,binance,BTCUSDT,4h
2025-05-30 16:00:00+00:00,105543.0,105560.98,103706.71,104640.5,5203.39187,binance,BTCUSDT,4h
2025-05-30 20:00:00+00:00,104640.49,104878.05,103621.0,103985.48,2285.06221,binance,BTCUSDT,4h
2025-05-31 00:00:00+00:00,103985.47,104900.0,103068.55,104591.88,11289.35922,binance,BTCUSDT,1d
2025-05-31 04:00:00+00:00,103684.0,103911.1,103487.99,103747.02,1424.77118,binance,BTCUSDT,4h
2025-05-31 08:00:00+00:00,103747.03,103809.51,103285.71,103498.18,1462.02815,binance,BTCUSDT,4h
2025-05-31 12:00:00+00:00,103498.17,104846.15,103480.11,104556.08,2862.31641,binance,BTCUSDT,4h
2025-05-31 16:00:00+00:00,104556.08,104780.49,104261.39,104698.02,1237.73843,binance,BTCUSDT,4h
2025-05-31 20:00:00+00:00,104698.03,104900.0,104473.2,104591.88,1056.179,binance,BTCUSDT,4h
2025-06-01 00:00:00+00:00,104591.88,104647.11,103924.52,104381.03,1332.51766,binance,BTCUSDT,4h
2025-06-01 04:00:00+00:00,104381.03,104729.99,104195.12,104275.95,935.26236,binance,BTCUSDT,4h
2025-06-01 08:00:00+00:00,104275.95,104459.07,103752.49,104082.68,1515.57248,binance,BTCUSDT,4h
2025-06-01 12:00:00+00:00,104082.67,104809.53,103783.01,104715.1,1868.98228,binance,BTCUSDT,4h
2025-06-01 16:00:00+00:00,104715.1,105299.21,104319.79,105121.94,2430.98984,binance,BTCUSDT,4h
2025-06-01 20:00:00+00:00,105121.95,105866.91,104893.72,105642.93,1626.37544,binance,BTCUSDT,4h
2025-06-02 00:00:00+00:00,105642.93,105735.42,104571.42,104829.27,1887.57513,binance,BTCUSDT,4h
2025-06-02 04:00:00+00:00,104829.27,105438.87,104610.13,105387.67,1324.62784,binance,BTCUSDT,4h
2025-06-02 08:00:00+00:00,105387.67,105935.63,103941.0,104047.64,3133.90977,binance,BTCUSDT,4h
2025-06-02 12:00:00+00:00,104047.63,104679.25,103659.88,104438.79,3457.5451,binance,BTCUSDT,4h
2025-06-02 16:00:00+00:00,104438.79,104731.95,104030.01,104425.63,1581.04916,binance,BTCUSDT,4h
2025-06-02 20:00:00+00:00,104425.64,105931.44,104425.64,105857.99,2069.28113,binance,BTCUSDT,4h
2025-06-03 00:00:00+00:00,105858.0,106500.0,105340.18,105482.02,2370.68744,binance,BTCUSDT,4h
2025-06-03 04:00:00+00:00,105482.03,105513.02,105116.2,105170.75,1808.4499,binance,BTCUSDT,4h
2025-06-03 08:00:00+00:00,105170.76,105349.94,104872.5,105287.24,1581.41246,binance,BTCUSDT,4h
2025-06-03 12:00:00+00:00,105287.24,106794.67,105031.6,106610.66,3944.17196,binance,BTCUSDT,4h
2025-06-03 16:00:00+00:00,106610.66,106666.67,105592.17,106238.81,2007.43502,binance,BTCUSDT,4h
2025-06-03 20:00:00+00:00,106238.81,106254.92,105266.02,105376.89,1547.36956,binance,BTCUSDT,4h
2025-06-04 00:00:00+00:00,105376.9,106000.0,104179.0,104696.86,14034.89482,binance,BTCUSDT,1d
2025-06-04 04:00:00+00:00,105519.26,105611.96,105250.0,105320.75,2243.32025,binance,BTCUSDT,4h
2025-06-04 08:00:00+00:00,105320.75,106000.0,105080.26,105084.36,3840.76425,binance,BTCUSDT,4h
2025-06-04 12:00:00+00:00,105084.36,105542.0,104179.0,105298.27,3906.47888,binance,BTCUSDT,4h
2025-06-04 16:00:00+00:00,105298.26,105483.14,104865.25,104913.52,1452.09412,binance,BTCUSDT,4h
2025-06-04 20:00:00+00:00,104913.52,105045.79,104407.16,104696.86,1123.6755,binance,BTCUSDT,4h
2025-06-05 00:00:00+00:00,104696.86,105240.84,104651.16,105047.15,1126.54275,binance,BTCUSDT,4h
2025-06-05 04:00:00+00:00,105047.15,105226.14,104380.0,104518.05,1593.6961,binance,BTCUSDT,4h
2025-06-05 08:00:00+00:00,104518.05,104920.0,104424.52,104827.8,1061.75675,binance,BTCUSDT,4h
2025-06-05 12:00:00+00:00,104827.79,105909.71,103900.0,104531.49,5067.78387,binance,BTCUSDT,4h
2025-06-05 16:00:00+00:00,104531.5,104598.87,101596.62,101914.77,6187.5316,binance,BTCUSDT,4h
2025-06-05 20:00:00+00:00,101914.76,102171.44,100372.26,101508.68,7284.19047,binance,BTCUSDT,4h
2025-06-06 00:00:00+00:00,101508.69,102520.0,101095.8,102493.3,2752.42188,binance,BTCUSDT,4h
2025-06-06 04:00:00+00:00,102493.3,103468.66,102387.38,103150.44,2278.64268,binance,BTCUSDT,4h
2025-06-06 08:00:00+00:00,103150.44,103991.45,103150.43,103927.99,2218.22642,binance,BTCUSDT,4h
2025-06-06 12:00:00+00:00,103927.99,105333.0,103513.7,105092.28,4660.37233,binance,BTCUSDT,4h
2025-06-06 16:00:00+00:00,105092.28,105284.0,104013.21,104219.8,2762.90707,binance,BTCUSDT,4h
2025-06-06 20:00:00+00:00,104219.8,104617.56,104167.98,104288.44,1166.50347,binance,BTCUSDT,4h
2025-06-07 00:00:00+00:00,104288.43,104910.77,103871.09,104871.58,1400.16428,binance,BTCUSDT,4h
2025-06-07 04:00:00+00:00,104871.59,105319.13,104643.62,104867.04,1309.06461,binance,BTCUSDT,4h
2025-06-07 08:00:00+00:00,104867.03,105264.0,104689.81,105150.01,1180.35371,binance,BTCUSDT,4h
2025-06-07 12:00:00+00:00,105150.01,105800.0,105150.0,105558.11,2197.72958,binance,BTCUSDT,4h
2025-06-07 16:00:00+00:00,105558.11,105884.46,105279.06,105725.91,1536.04392,binance,BTCUSDT,4h
2025-06-07 20:00:00+00:00,105725.91,105900.0,105534.88,105552.15,721.57596,binance,BTCUSDT,4h
2025-06-08 00:00:00+00:00,105552.15,106488.14,104964.14,105734.0,8048.06305,binance,BTCUSDT,1d
2025-06-08 04:00:00+00:00,105471.59,105653.13,105408.38,105426.45,623.06268,binance,BTCUSDT,4h
2025-06-08 08:00:00+00:00,105426.46,105720.94,104964.14,105686.71,1672.01298,binance,BTCUSDT,4h
2025-06-08 12:00:00+00:00,105686.71,106160.19,105520.25,105984.52,2200.98155,binance,BTCUSDT,4h
2025-06-08 16:00:00+00:00,105984.53,106360.0,105943.91,106289.99,1099.96633,binance,BTCUSDT,4h
2025-06-08 20:00:00+00:00,106289.99,106488.14,105545.71,105734.0,1367.35675,binance,BTCUSDT,4h
2025-06-09 00:00:00+00:00,105734.01,105966.33,105318.37,105659.13,1795.0497,binance,BTCUSDT,4h
2025-06-09 04:00:00+00:00,105659.14,105717.3,105319.0,105560.71,1470.33986,binance,BTCUSDT,4h
2025-06-09 08:00:00+00:00,105560.71,107806.0,105473.57,107759.21,4424.95656,binance,BTCUSDT,4h
2025-06-09 12:00:00+00:00,107759.21,108020.0,106860.0,107635.91,3544.41855,binance,BTCUSDT,4h
2025-06-09 16:00:00+00:00,107635.91,108767.24,107635.91,108564.72,2689.46607,binance,BTCUSDT,4h
2025-06-09 20:00:00+00:00,108565.86,110530.17,108456.08,110263.02,6051.14377,binance,BTCUSDT,4h
2025-06-10 00:00:00+00:00,110263.02,110400.0,108331.03,110274.39,17071.82839,binance,BTCUSDT,1d
2025-06-10 04:00:00+00:00,109568.03,109737.68,109095.67,109205.14,2317.07387,binance,BTCUSDT,4h
2025-06-10 08:00:00+00:00,109205.14,109851.8,109056.9,109541.28,2344.90457,binance,BTCUSDT,4h
2025-06-10 12:00:00+00:00,109541.93,109900.81,108331.03,109015.42,5247.00781,binance,BTCUSDT,4h
2025-06-10 16:00:00+00:00,109015.41,110400.0,108518.86,109526.3,2639.86004,binance,BTCUSDT,4h
2025-06-10 20:00:00+00:00,109526.3,110299.73,109239.68,110274.39,2166.36235,binance,BTCUSDT,4h
2025-06-11 00:00:00+00:00,110274.39,110274.4,109533.97,109722.95,1393.61311,binance,BTCUSDT,4h
2025-06-11 04:00:00+00:00,109722.95,109745.29,109373.67,109446.74,1000.47435,binance,BTCUSDT,4h
2025-06-11 08:00:00+00:00,109446.74,109675.69,109193.89,109252.09,1633.7552,binance,BTCUSDT,4h
2025-06-11 12:00:00+00:00,109252.1,110392.01,109008.82,109735.7,4399.26765,binance,BTCUSDT,4h
2025-06-11 16:00:00+00:00,109735.7,109815.84,108412.01,108742.37,2837.53217,binance,BTCUSDT,4h
2025-06-11 20:00:00+00:00,108742.37,109219.51,108064.0,108645.12,1851.2739,binance,BTCUSDT,4h
2025-06-12 00:00:00+00:00,108645.13,108813.55,107730.0,107860.05,3756.8345,binance,BTCUSDT,4h
2025-06-12 04:00:00+00:00,107860.04,107993.58,107320.0,107633.53,2337.6809,binance,BTCUSDT,4h
2025-06-12 08:00:00+00:00,107633.53,107835.83,106874.47,106900.95,1866.42836,binance,BTCUSDT,4h
2025-06-12 12:00:00+00:00,106900.95,107822.5,106600.0,107020.95,3201.2854,binance,BTCUSDT,4h
2025-06-12 16:00:00+00:00,107020.96,108450.16,106680.0,106788.8,2559.00784,binance,BTCUSDT,4h
2025-06-12 20:00:00+00:00,106789.8,106960.77,105671.72,105671.73,4057.43518,binance,BTCUSDT,4h
2025-06-13 00:00:00+00:00,105671.74,105694.0,102664.31,104277.22,11535.37443,binance,BTCUSDT,4h
2025-06-13 04:00:00+00:00,104277.22,104970.12,103782.75,104895.0,3355.01643,binance,BTCUSDT,4h
2025-06-13 08:00:00+00:00,104895.01,105434.34,104425.79,105039.48,3146.66203,binance,BTCUSDT,4h
2025-06-13 12:00:00+00:00,105039.48,105747.47,104118.0,105436.87,3901.15519,binance,BTCUSDT,4h
2025-06-13 16:00:00+00:00,105436.87,105981.0,104668.73,105110.0,2950.53869,binance,BTCUSDT,4h
2025-06-13 20:00:00+00:00,105110.01,106179.53,105020.87,106066.59,1292.07057,binance,BTCUSDT,4h
2025-06-14 00:00:00+00:00,106066.59,106252.0,105197.96,105228.82,3017.48753,binance,BTCUSDT,4h
2025-06-14 04:00:00+00:00,105228.83,105397.06,104792.98,105076.59,1002.68077,binance,BTCUSDT,4h
2025-06-14 08:00:00+00:00,105076.59,105132.36,104836.06,105082.01,786.7679,binance,BTCUSDT,4h
2025-06-14 12:00:00+00:00,105082.01,105131.25,104615.38,104841.3,1045.14048,binance,BTCUSDT,4h
2025-06-14 16:00:00+00:00,104841.29,105045.78,104359.08,104645.67,1687.29248,binance,BTCUSDT,4h
2025-06-14 20:00:00+00:00,104645.66,105480.0,104300.0,105414.64,1259.57053,binance,BTCUSDT,4h
2025-06-15 00:00:00+00:00,105414.63,105680.0,105264.75,105473.55,759.41728,binance,BTCUSDT,4h
2025-06-15 04:00:00+00:00,105473.54,106128.57,105200.0,105428.0,1381.52981,binance,BTCUSDT,4h
2025-06-15 08:00:00+00:00,105428.0,105482.4,104867.64,104970.51,1057.15319,binance,BTCUSDT,4h
2025-06-15 12:00:00+00:00,104970.51,105838.24,104955.48,105564.0,1245.40098,binance,BTCUSDT,4h
2025-06-15 16:00:00+00:00,105563.99,105777.09,105082.97,105294.19,975.97763,binance,BTCUSDT,4h
2025-06-15 20:00:00+00:00,105294.19,105617.82,104494.53,105594.01,1744.72158,binance,BTCUSDT,4h
2025-06-16 00:00:00+00:00,105594.02,105970.59,104980.37,105921.84,1680.0381,binance,BTCUSDT,4h
2025-06-16 04:00:00+00:00,105921.85,107262.31,105874.48,107061.8,2778.21159,binance,BTCUSDT,4h
2025-06-16 08:00:00+00:00,107061.8,107255.01,106582.25,106883.99,2148.92551,binance,BTCUSDT,4h
2025-06-16 12:00:00+00:00,106884.0,107784.26,106495.09,107424.96,2538.358,binance,BTCUSDT,4h
2025-06-16 16:00:00+00:00,107424.96,108888.0,107309.15,108652.0,2748.12533,binance,BTCUSDT,4h
2025-06-16 20:00:00+00:00,108652.01,108952.38,106700.0,106794.53,3029.00687,binance,BTCUSDT,4h
2025-06-17 00:00:00+00:00,106794.53,107771.34,106115.35,107590.41,3025.95246,binance,BTCUSDT,4h
2025-06-17 04:00:00+00:00,107590.41,107711.06,106481.6,106758.52,1696.95424,binance,BTCUSDT,4h
2025-06-17 08:00:00+00:00,106758.52,106822.78,105508.23,105641.47,2408.54535,binance,BTCUSDT,4h
2025-06-17 12:00:00+00:00,105641.48,105862.03,104130.95,104241.63,4308.26392,binance,BTCUSDT,4h
2025-06-17 16:00:00+00:00,104241.62,105336.82,103371.02,104686.12,4719.96669,binance,BTCUSDT,4h
2025-06-17 20:00:00+00:00,104686.12,104898.81,104203.85,104551.17,1706.64759,binance,BTCUSDT,4h
2025-06-18 00:00:00+00:00,104551.17,105240.0,104379.52,105184.84,1346.38636,binance,BTCUSDT,4h
2025-06-18 04:00:00+00:00,105184.84,105550.27,104713.24,104973.24,1758.92527,binance,BTCUSDT,4h
2025-06-18 08:00:00+00:00,104973.24,105310.62,104175.87,104840.59,1900.45623,binance,BTCUSDT,4h
2025-06-18 12:00:00+00:00,104840.58,105325.83,103814.04,104801.01,4024.47787,binance,BTCUSDT,4h
2025-06-18 16:00:00+00:00,104801.01,104836.64,103500.0,103808.41,3290.4773,binance,BTCUSDT,4h
2025-06-18 20:00:00+00:00,103808.41,105139.87,103652.0,104886.78,1647.91864,binance,BTCUSDT,4h
2025-06-19 00:00:00+00:00,104886.79,105226.17,103929.27,104658.59,7678.60737,binance,BTCUSDT,1d
2025-06-19 04:00:00+00:00,105100.01,105220.0,104617.69,104642.85,1132.25759,binance,BTCUSDT,4h
2025-06-19 08:00:00+00:00,104642.85,105073.53,104631.26,104776.23,949.58523,binance,BTCUSDT,4h
2025-06-19 12:00:00+00:00,104776.23,104917.05,104078.0,104096.93,1595.4989,binance,BTCUSDT,4h
2025-06-19 16:00:00+00:00,104096.94,104814.73,103929.27,104250.44,1624.22301,binance,BTCUSDT,4h
2025-06-19 20:00:00+00:00,104250.45,104898.31,104150.0,104658.59,897.93757,binance,BTCUSDT,4h
2025-06-20 00:00:00+00:00,104658.59,106524.65,102345.0,103297.99,16419.06283,binance,BTCUSDT,1d
2025-06-20 04:00:00+00:00,104596.64,105825.66,104238.02,105811.74,1878.07017,binance,BTCUSDT,4h
2025-06-20 08:00:00+00:00,105811.74,106524.65,105757.48,105977.82,2862.78664,binance,BTCUSDT,4h
2025-06-20 12:00:00+00:00,105977.82,106149.17,103888.0,104217.99,3668.86931,binance,BTCUSDT,4h
2025-06-20 16:00:00+00:00,104218.0,104269.64,102345.0,103307.22,5227.49835,binance,BTCUSDT,4h
2025-06-20 20:00:00+00:00,103307.21,103828.0,102963.67,103297.99,1755.38101,binance,BTCUSDT,4h
2025-06-21 00:00:00+00:00,103297.98,103982.64,100837.9,102120.01,11154.21332,binance,BTCUSDT,1d
2025-06-21 04:00:00+00:00,103495.86,103599.04,103330.0,103458.5,686.61118,binance,BTCUSDT,4h
2025-06-21 08:00:00+00:00,103458.5,103982.64,103458.49,103874.64,1188.56205,binance,BTCUSDT,4h
2025-06-21 12:00:00+00:00,103874.63,103946.47,103281.82,103560.9,1449.27436,binance,BTCUSDT,4h
2025-06-21 16:00:00+00:00,103560.9,103640.0,102210.43,102245.1,2365.40427,binance,BTCUSDT,4h
2025-06-21 20:00:00+00:00,102245.11,102888.88,100837.9,102120.01,4713.62735,binance,BTCUSDT,4h
2025-06-22 00:00:00+00:00,102120.02,103399.62,98200.0,100963.87,28746.41072,binance,BTCUSDT,1d
2025-06-22 04:00:00+00:00,102375.4,102946.47,102256.01,102424.61,1481.73109,binance,BTCUSDT,4h
2025-06-22 08:00:00+00:00,102424.61,102804.05,102080.0,102739.48,1801.30685,binance,BTCUSDT,4h
2025-06-22 12:00:00+00:00,102739.47,102831.0,98889.35,98906.21,12422.58545,binance,BTCUSDT,4h
2025-06-22 16:00:00+00:00,98906.21,100380.0,98673.66,98882.84,4419.40202,binance,BTCUSDT,4h
2025-06-22 20:00:00+00:00,98882.85,101034.65,98200.0,100963.87,4281.47649,binance,BTCUSDT,4h
2025-06-23 00:00:00+00:00,100963.87,101620.0,100494.25,101154.14,2930.22354,binance,BTCUSDT,4h
2025-06-23 04:00:00+00:00,101154.13,102137.0,100980.0,101931.04,2509.06943,binance,BTCUSDT,4h
2025-06-23 08:00:00+00:00,101931.04,102080.0,101102.76,101289.01,2527.52051,binance,BTCUSDT,4h
2025-06-23 12:00:00+00:00,101289.0,102613.09,100792.16,101420.7,4451.665,binance,BTCUSDT,4h
2025-06-23 16:00:00+00:00,101420.71,103300.0,99613.33,103161.29,7496.3725,binance,BTCUSDT,4h
2025-06-23 20:00:00+00:00,103161.3,106074.2,102880.0,105333.93,7751.65511,binance,BTCUSDT,4h
2025-06-24 00:00:00+00:00,105333.94,105500.0,104720.82,104919.6,2882.14256,binance,BTCUSDT,4h
2025-06-24 04:00:00+00:00,104919.6,105811.0,104704.91,104933.74,3158.97987,binance,BTCUSDT,4h
2025-06-24 08:00:00+00:00,104933.74,105571.4,104622.02,105170.0,2216.8644,binance,BTCUSDT,4h
2025-06-24 12:00:00+00:00,105169.99,105731.92,104800.98,105244.73,2933.73072,binance,BTCUSDT,4h
2025-06-24 16:00:00+00:00,105244.72,106290.0,105172.64,105643.19,2366.40087,binance,BTCUSDT,4h
2025-06-24 20:00:00+00:00,105643.2,106119.11,105435.45,106083.0,1093.57493,binance,BTCUSDT,4h
2025-06-25 00:00:00+00:00,106083.0,106791.18,105808.03,106232.01,2385.0945,binance,BTCUSDT,4h
2025-06-25 04:00:00+00:00,106232.01,106702.0,106001.0,106600.01,1317.62334,binance,BTCUSDT,4h
2025-06-25 08:00:00+00:00,106600.0,107237.44,106343.13,107198.02,2272.81569,binance,BTCUSDT,4h
2025-06-25 12:00:00+00:00,107198.02,108135.3,106752.36,107028.0,7497.00314,binance,BTCUSDT,4h
2025-06-25 16:00:00+00:00,107027.99,107905.37,106931.0,107761.68,2109.69446,binance,BTCUSDT,4h
2025-06-25 20:00:00+00:00,107761.67,108000.0,107079.9,107340.58,1118.92438,binance,BTCUSDT,4h
2025-06-26 00:00:00+00:00,107340.59,108272.45,107105.43,107853.79,1896.83706,binance,BTCUSDT,4h
2025-06-26 04:00:00+00:00,107853.79,108085.92,107520.0,107813.99,1290.81871,binance,BTCUSDT,4h
2025-06-26 08:00:00+00:00,107813.99,108174.86,107117.65,107325.41,2010.44306,binance,BTCUSDT,4h
2025-06-26 12:00:00+00:00,107325.42,107765.55,106562.5,107313.6,2623.12904,binance,BTCUSDT,4h
2025-06-26 16:00:00+00:00,107313.61,107669.74,107009.28,107532.98,1252.6466,binance,BTCUSDT,4h
2025-06-26 20:00:00+00:00,107532.97,108000.0,106850.0,106947.06,1499.39832,binance,BTCUSDT,4h
2025-06-27 00:00:00+00:00,106947.06,107515.28,106438.33,107477.76,1472.30428,binance,BTCUSDT,4h
2025-06-27 04:00:00+00:00,107477.76,107735.34,106850.0,106869.71,1946.05962,binance,BTCUSDT,4h
2025-06-27 08:00:00+00:00,106869.72,107159.95,106679.98,106983.6,2318.07544,binance,BTCUSDT,4h
2025-06-27 12:00:00+00:00,106983.6,107407.14,106356.76,107308.25,3704.52866,binance,BTCUSDT,4h
2025-06-27 16:00:00+00:00,107308.25,107709.22,106446.45,106801.02,1987.48356,binance,BTCUSDT,4h
2025-06-27 20:00:00+00:00,106801.02,107277.99,106794.33,107047.59,803.98886,binance,BTCUSDT,4h
2025-06-28 00:00:00+00:00,107047.58,107577.75,106811.51,107296.79,3282.17352,binance,BTCUSDT,1d
2025-06-28 04:00:00+00:00,107300.13,107496.12,107183.29,107485.0,497.62159,binance,BTCUSDT,4h
2025-06-28 08:00:00+00:00,107485.01,107493.07,107252.6,107373.39,416.2984,binance,BTCUSDT,4h
2025-06-28 12:00:00+00:00,107373.39,107577.75,107084.15,107449.28,714.87392,binance,BTCUSDT,4h
2025-06-28 16:00:00+00:00,107449.28,107542.5,107225.74,107225.74,499.08961,binance,BTCUSDT,4h
2025-06-28 20:00:00+00:00,107225.74,107378.37,107154.62,107296.79,379.24296,binance,BTCUSDT,4h
2025-06-29 00:00:00+00:00,107296.79,108528.5,107172.52,108356.93,6831.7364,binance,BTCUSDT,1d
2025-06-29 04:00:00+00:00,107210.78,107402.18,107205.82,107402.18,340.57663,binance,BTCUSDT,4h
2025-06-29 08:00:00+00:00,107402.17,108484.0,107402.17,108477.11,1988.92767,binance,BTCUSDT,4h
2025-06-29 12:00:00+00:00,108477.12,108528.5,107650.0,107750.72,1320.45894,binance,BTCUSDT,4h
2025-06-29 16:00:00+00:00,107750.72,107792.05,107316.46,107406.81,1188.5295,binance,BTCUSDT,4h
2025-06-29 20:00:00+00:00,107406.8,108436.47,107250.0,108356.93,1459.20913,binance,BTCUSDT,4h
2025-06-30 00:00:00+00:00,108356.93,108789.99,108255.81,108503.74,1564.16827,binance,BTCUSDT,4h
2025-06-30 04:00:00+00:00,108503.74,108538.76,107481.31,107614.08,1581.27553,binance,BTCUSDT,4h
2025-06-30 08:00:00+00:00,107614.07,107964.33,107400.0,107654.2,1242.20442,binance,BTCUSDT,4h
2025-06-30 12:00:00+00:00,107654.21,107858.79,106733.33,107580.46,2980.03437,binance,BTCUSDT,4h
2025-06-30 16:00:00+00:00,107580.47,107807.94,107116.4,107745.97,1314.82691,binance,BTCUSDT,4h
2025-06-30 20:00:00+00:00,107745.97,107764.73,106900.02,107146.5,1071.61541,binance,BTCUSDT,4h
2025-07-01 00:00:00+00:00,107146.51,107540.0,107026.93,107192.38,973.46,binance,BTCUSDT,4h
2025-07-01 04:00:00+00:00,107192.39,107203.11,106615.97,107178.99,1267.97836,binance,BTCUSDT,4h
2025-07-01 08:00:00+00:00,107178.99,107178.99,106301.86,106605.8,1434.81634,binance,BTCUSDT,4h
2025-07-01 12:00:00+00:00,106605.79,107179.99,105623.39,105955.18,3974.69567,binance,BTCUSDT,4h
2025-07-01 16:00:00+00:00,105955.19,106287.95,105387.68,105398.53,1690.90273,binance,BTCUSDT,4h
2025-07-01 20:00:00+00:00,105398.52,106100.0,105250.85,105681.14,1163.77127,binance,BTCUSDT,4h
2025-07-02 00:00:00+00:00,105681.13,109730.0,105100.19,108849.6,17691.89592,binance,BTCUSDT,1d
2025-07-02 04:00:00+00:00,106194.7,107186.78,106131.55,107080.0,1903.51108,binance,BTCUSDT,4h
2025-07-02 08:00:00+00:00,107080.0,107860.23,107080.0,107479.99,2147.6808,binance,BTCUSDT,4h
2025-07-02 12:00:00+00:00,107479.98,108759.2,107186.1,108737.74,3227.14121,binance,BTCUSDT,4h
2025-07-02 16:00:00+00:00,108737.75,109730.0,108650.97,109676.14,5656.10907,binance,BTCUSDT,4h
2025-07-02 20:00:00+00:00,109676.14,109676.14,108720.0,108849.6,3303.81143,binance,BTCUSDT,4h
2025-07-03 00:00:00+00:00,108849.59,109115.03,108530.4,108628.21,1439.99562,binance,BTCUSDT,4h
2025-07-03 04:00:00+00:00,108628.2,109548.0,108566.14,109280.0,1560.58968,binance,BTCUSDT,4h
2025-07-03 08:00:00+00:00,109279.99,110273.21,109279.99,109599.19,3249.5488,binance,BTCUSDT,4h
2025-07-03 12:00:00+00:00,109599.18,110529.18,108749.99,109127.84,4201.7259,binance,BTCUSDT,4h
2025-07-03 16:00:00+00:00,109127.85,109910.1,109020.8,109803.41,1688.44383,binance,BTCUSDT,4h
2025-07-03 20:00:00+00:00,109803.41,110000.0,109510.0,109584.78,906.77842,binance,BTCUSDT,4h
2025-07-04 00:00:00+00:00,109584.77,109767.59,109103.71,109235.57,1002.72236,binance,BTCUSDT,4h
2025-07-04 04:00:00+00:00,109235.58,109329.6,108700.0,108700.0,1609.06105,binance,BTCUSDT,4h
2025-07-04 08:00:00+00:00,108700.0,109111.0,108518.83,108888.0,1086.39121,binance,BTCUSDT,4h
2025-07-04 12:00:00+00:00,108888.0,108978.64,107505.0,107573.29,3616.08946,binance,BTCUSDT,4h
2025-07-04 16:00:00+00:00,107573.29,107922.5,107245.0,107469.23,3431.70312,binance,BTCUSDT,4h
2025-07-04 20:00:00+00:00,107469.22,108279.33,107440.63,107984.24,1047.89895,binance,BTCUSDT,4h
2025-07-05 00:00:00+00:00,107984.25,108420.56,107756.31,108198.12,3736.9757,binance,BTCUSDT,1d
2025-07-05 04:00:00+00:00,108154.72,108420.56,108000.0,108053.46,660.13042,binance,BTCUSDT,4h
2025-07-05 08:00:00+00:00,108053.46,108219.19,107870.42,108112.21,675.37974,binance,BTCUSDT,4h
2025-07-05 12:00:00+00:00,108112.2,108232.29,107971.0,108058.0,564.4708,binance,BTCUSDT,4h
2025-07-05 16:00:00+00:00,108058.0,108167.23,107864.75,108141.78,586.1961,binance,BTCUSDT,4h
2025-07-05 20:00:00+00:00,108141.78,108250.0,107993.39,108198.12,484.16079,binance,BTCUSDT,4h
2025-07-06 00:00:00+00:00,108198.12,109700.0,107800.01,109203.84,6447.607,binance,BTCUSDT,1d
2025-07-06 04:00:00+00:00,108050.49,108218.0,107930.45,108040.31,497.89684,binance,BTCUSDT,4h
2025-07-06 08:00:00+00:00,108040.31,108111.0,107800.01,108076.01,740.99603,binance,BTCUSDT,4h
2025-07-06 12:00:00+00:00,108076.0,109127.03,108045.76,108905.99,2193.35606,binance,BTCUSDT,4h
2025-07-06 16:00:00+00:00,108906.0,108966.62,108266.67,108538.46,922.00834,binance,BTCUSDT,4h
2025-07-06 20:00:00+00:00,108538.45,109700.0,108536.86,109203.84,1696.09509,binance,BTCUSDT,4h
2025-07-07 00:00:00+00:00,109203.85,109700.0,108679.75,109389.47,1313.66179,binance,BTCUSDT,4h
2025-07-07 04:00:00+00:00,109389.46,109447.54,108654.94,109061.08,1068.89272,binance,BTCUSDT,4h
2025-07-07 08:00:00+00:00,109061.07,109087.86,108572.52,108642.01,1793.43934,binance,BTCUSDT,4h
2025-07-07 12:00:00+00:00,108642.01,108660.0,107970.0,108292.59,2516.39623,binance,BTCUSDT,4h
2025-07-07 16:00:00+00:00,108292.59,108493.56,107513.2,108056.68,1826.11433,binance,BTCUSDT,4h
2025-07-07 20:00:00+00:00,108056.67,108300.0,107800.01,108262.94,886.8716,binance,BTCUSDT,4h
2025-07-08 00:00:00+00:00,108262.94,109216.56,107429.57,108922.98,9216.0208,binance,BTCUSDT,1d
2025-07-08 04:00:00+00:00,107901.52,108499.0,107750.0,108484.61,1010.06569,binance,BTCUSDT,4h
2025-07-08 08:00:00+00:00,108484.61,109005.0,108229.15,108756.37,1314.23794,binance,BTCUSDT,4h
2025-07-08 12:00:00+00:00,108756.37,109216.56,108217.07,108268.35,1848.45054,binance,BTCUSDT,4h
2025-07-08 16:00:00+00:00,108268.35,109147.56,108096.55,108771.88,2426.90745,binance,BTCUSDT,4h
2025-07-08 20:00:00+00:00,108771.87,108974.0,108624.0,108922.98,604.79919,binance,BTCUSDT,4h
2025-07-09 00:00:00+00:00,108922.99,111999.79,108324.53,111233.99,17282.2865,binance,BTCUSDT,1d
2025-07-09 04:00:00+00:00,108376.41,108942.2,108324.53,108714.39,1001.59915,binance,BTCUSDT,4h
2025-07-09 08:00:00+00:00,108714.39,109117.0,108553.18,109058.27,1275.99616,binance,BTCUSDT,4h
2025-07-09 12:00:00+00:00,109058.27,109769.39,108503.0,109071.32,4108.39131,binance,BTCUSDT,4h
2025-07-09 16:00:00+00:00,109071.32,111999.79,109047.49,111750.0,6338.57455,binance,BTCUSDT,4h
2025-07-09 20:00:00+00:00,111749.99,111952.33,110559.4,111233.99,3562.92307,binance,BTCUSDT,4h
2025-07-10 00:00:00+00:00,111234.0,116868.0,110500.0,116010.0,24883.450665,binance,BTCUSDT,1d
2025-07-10 04:00:00+00:00,111074.52,111432.46,110898.0,111230.0,1667.11413,binance,BTCUSDT,4h
2025-07-10 08:00:00+00:00,111229.99,111398.96,110870.33,111019.99,1407.79297,binance,BTCUSDT,4h
2025-07-10 12:00:00+00:00,111019.99,111408.41,110500.0,111408.4,2221.21737,binance,BTCUSDT,4h
2025-07-10 16:00:00+00:00,111408.4,113788.23,111322.32,113301.81,7461.037691,binance,BTCUSDT,4h
2025-07-10 20:00:00+00:00,113301.8,116868.0,113270.98,116010.0,10438.553844,binance,BTCUSDT,4h
2025-07-11 00:00:00+00:00,116010.01,118869.98,115222.22,117527.66,25873.521148,binance,BTCUSDT,1d
2025-07-11 04:00:00+00:00,116881.69,118404.22,116500.0,117526.88,7940.173377,binance,BTCUSDT,4h
2025-07-11 08:00:00+00:00,117526.88,118869.98,117526.88,117821.91,4664.06161,binance,BTCUSDT,4h
2025-07-11 12:00:00+00:00,117821.91,118259.24,116724.66,116902.59,4711.37408,binance,BTCUSDT,4h
2025-07-11 16:00:00+00:00,116902.58,118138.75,116604.87,118108.81,2754.72647,binance,BTCUSDT,4h
2025-07-11 20:00:00+00:00,118108.81,118108.81,117146.8,117527.66,1346.51431,binance,BTCUSDT,4h
2025-07-12 00:00:00+00:00,117527.66,118200.0,116900.05,117420.0,8446.60437,binance,BTCUSDT,1d
2025-07-12 04:00:00+00:00,117774.42,118054.79,117506.37,117731.99,1157.69575,binance,BTCUSDT,4h
2025-07-12 08:00:00+00:00,117731.99,118200.0,117625.0,117810.0,1459.36466,binance,BTCUSDT,4h
2025-07-12 12:00:00+00:00,117810.0,117861.19,116900.05,117100.01,2887.39027,binance,BTCUSDT,4h
2025-07-12 16:00:00+00:00,117100.0,117639.98,117045.86,117550.96,961.54328,binance,BTCUSDT,4h
2025-07-12 20:00:00+00:00,117550.96,117563.75,117000.01,117420.0,711.79059,binance,BTCUSDT,4h
2025-07-13 00:00:00+00:00,117420.0,119488.0,117224.79,119086.64,9550.792947,binance,BTCUSDT,1d
2025-07-13 04:00:00+00:00,117753.59,118054.79,117684.22,117999.0,867.97982,binance,BTCUSDT,4h
2025-07-13 08:00:00+00:00,117998.99,118086.66,117689.63,118072.01,685.44893,binance,BTCUSDT,4h
2025-07-13 12:00:00+00:00,118072.01,119376.0,117989.53,118672.24,3891.104317,binance,BTCUSDT,4h
2025-07-13 16:00:00+00:00,118672.23,119488.0,118382.56,118961.08,1749.40157,binance,BTCUSDT,4h
2025-07-13 20:00:00+00:00,118961.09,119367.37,118243.68,119086.64,1660.44683,binance,BTCUSDT,4h
2025-07-14 00:00:00+00:00,119086.65,121492.48,118905.18,120750.24,5418.532886,binance,BTCUSDT,4h
2025-07-14 04:00:00+00:00,120750.25,123218.0,120557.63,122736.04,6981.800221,binance,BTCUSDT,4h
2025-07-14 08:00:00+00:00,122736.04,122769.19,121355.55,121467.24,3279.33527,binance,BTCUSDT,4h
2025-07-14 12:00:00+00:00,121467.23,122120.0,119611.7,119878.23,6047.71252,binance,BTCUSDT,4h
2025-07-14 16:00:00+00:00,119878.22,120526.03,119202.0,119939.41,4127.24496,binance,BTCUSDT,4h
2025-07-14 20:00:00+00:00,119939.42,120447.0,119522.72,119841.18,1414.72302,binance,BTCUSDT,4h
2025-07-15 00:00:00+00:00,119841.17,119940.83,115736.92,117758.09,32018.46083,binance,BTCUSDT,1d
2025-07-15 04:00:00+00:00,117148.46,117765.4,116250.0,116779.12,5478.80575,binance,BTCUSDT,4h
2025-07-15 08:00:00+00:00,116779.13,117224.08,116300.0,117113.98,3612.34292,binance,BTCUSDT,4h
2025-07-15 12:00:00+00:00,117113.98,118490.71,115736.92,116391.43,8662.27705,binance,BTCUSDT,4h
2025-07-15 16:00:00+00:00,116391.43,117800.6,116019.05,116416.07,5395.39361,binance,BTCUSDT,4h
2025-07-15 20:00:00+00:00,116416.07,117972.86,116192.27,117758.09,2246.23978,binance,BTCUSDT,4h
2025-07-16 00:00:00+00:00,117758.08,120063.84,117017.29,118630.43,17039.90851,binance,BTCUSDT,1d
2025-07-16 04:00:00+00:00,117482.67,118300.0,117275.63,118189.25,1653.72862,binance,BTCUSDT,4h
2025-07-16 08:00:00+00:00,118189.24,119310.75,118113.82,118769.06,2658.37376,binance,BTCUSDT,4h
2025-07-16 12:00:00+00:00,118769.06,119794.8,118181.14,119095.76,4851.16642,binance,BTCUSDT,4h
2025-07-16 16:00:00+00:00,119095.76,119904.13,118471.38,119230.16,2877.33424,binance,BTCUSDT,4h
2025-07-16 20:00:00+00:00,119230.16,120063.84,118420.0,118630.43,2938.59685,binance,BTCUSDT,4h
2025-07-17 00:00:00+00:00,118630.44,120998.71,117453.57,119177.56,15728.57651,binance,BTCUSDT,1d
2025-07-17 04:00:00+00:00,118128.8,118772.0,117857.03,118311.75,2080.63383,binance,BTCUSDT,4h
2025-07-17 08:00:00+00:00,118311.75,119192.0,117974.99,117995.0,2041.88316,binance,BTCUSDT,4h
2025-07-17 12:00:00+00:00,117995.0,119073.46,117453.57,118881.99,3175.79483,binance,BTCUSDT,4h
2025-07-17 16:00:00+00:00,118881.99,119880.13,118333.6,118959.66,2433.94045,binance,BTCUSDT,4h
2025-07-17 20:00:00+00:00,118959.66,120998.71,118383.97,119177.56,3762.26221,binance,BTCUSDT,4h
2025-07-18 00:00:00+00:00,119177.56,120785.49,119020.48,120223.09,2672.86935,binance,BTCUSDT,4h
2025-07-18 04:00:00+00:00,120223.08,120820.71,119287.72,119339.51,3649.17934,binance,BTCUSDT,4h
2025-07-18 08:00:00+00:00,119339.51,119469.21,118395.0,119171.34,3814.49483,binance,BTCUSDT,4h
2025-07-18 12:00:00+00:00,119171.35,119531.48,117315.69,117860.25,5020.77844,binance,BTCUSDT,4h
2025-07-18 16:00:00+00:00,117860.24,118054.92,117120.53,117374.76,2564.58563,binance,BTCUSDT,4h
2025-07-18 20:00:00+00:00,117374.75,118021.62,116812.76,117924.84,2202.75507,binance,BTCUSDT,4h
2025-07-19 00:00:00+00:00,117924.84,118371.42,117613.35,118322.54,1323.00452,binance,BTCUSDT,4h
2025-07-19 04:00:00+00:00,118322.53,118364.0,118044.19,118163.06,828.72543,binance,BTCUSDT,4h
2025-07-19 08:00:00+00:00,118163.07,118499.9,117943.25,118327.06,1123.42732,binance,BTCUSDT,4h
2025-07-19 12:00:00+00:00,118327.05,118327.06,117627.71,118058.11,1656.6673,binance,BTCUSDT,4h
2025-07-19 16:00:00+00:00,118058.1,118161.51,117605.26,118007.88,780.27633,binance,BTCUSDT,4h
2025-07-19 20:00:00+00:00,118007.88,118141.0,117277.34,117840.0,923.70216,binance,BTCUSDT,4h
2025-07-20 00:00:00+00:00,117840.01,118165.38,117650.0,117958.01,1216.03617,binance,BTCUSDT,4h
2025-07-20 04:00:00+00:00,117958.0,118218.0,117760.67,118029.49,940.72723,binance,BTCUSDT,4h
2025-07-20 08:00:00+00:00,118029.49,118277.17,117819.88,117878.46,1800.2823,binance,BTCUSDT,4h
2025-07-20 12:00:00+00:00,117878.46,118799.8,117723.23,118671.11,3280.10469,binance,BTCUSDT,4h
2025-07-20 16:00:00+00:00,118671.12,118856.8,117960.0,118155.01,2119.12806,binance,BTCUSDT,4h
2025-07-20 20:00:00+00:00,118155.0,118263.0,116467.02,117265.12,3606.65044,binance,BTCUSDT,4h
2025-07-21 00:00:00+00:00,117265.11,119676.73,116515.0,117380.36,17107.33128,binance,BTCUSDT,1d
2025-07-21 04:00:00+00:00,118404.01,119676.73,118188.95,119362.67,2783.66639,binance,BTCUSDT,4h
2025-07-21 08:00:00+00:00,119364.18,119500.0,118070.16,118070.17,2511.88984,binance,BTCUSDT,4h
2025-07-21 12:00:00+00:00,118070.17,119233.71,117778.7,118313.16,3505.38294,binance,BTCUSDT,4h
2025-07-21 16:00:00+00:00,118313.16,118399.1,116666.0,116767.67,3816.98929,binance,BTCUSDT,4h
2025-07-21 20:00:00+00:00,116767.67,117633.66,116656.88,117380.36,1694.78119,binance,BTCUSDT,4h
2025-07-22 00:00:00+00:00,117380.36,117950.0,116128.0,117210.0,3707.46413,binance,BTCUSDT,4h
2025-07-22 04:00:00+00:00,117210.0,118594.55,116552.18,117983.68,4279.84175,binance,BTCUSDT,4h
2025-07-22 08:00:00+00:00,117983.69,119188.3,117488.19,119154.99,3376.79135,binance,BTCUSDT,4h
2025-07-22 12:00:00+00:00,119154.99,119573.53,117550.0,118912.04,4597.23931,binance,BTCUSDT,4h
2025-07-22 16:00:00+00:00,118912.04,120183.96,118368.19,119282.1,3067.62854,binance,BTCUSDT,4h
2025-07-22 20:00:00+00:00,119282.11,120247.8,119203.2,119954.42,1930.16465,binance,BTCUSDT,4h
2025-07-23 00:00:00+00:00,119954.43,120090.0,118532.96,118614.17,2068.11927,binance,BTCUSDT,4h
2025-07-23 04:00:00+00:00,118614.16,119006.05,118288.2,118350.35,1564.23355,binance,BTCUSDT,4h
2025-07-23 08:00:00+00:00,118350.35,118619.79,117844.24,118538.46,1801.10341,binance,BTCUSDT,4h
2025-07-23 12:00:00+00:00,118538.46,118708.24,117301.0,118567.39,4037.18842,binance,BTCUSDT,4h
2025-07-23 16:00:00+00:00,118567.39,118567.39,117331.63,118393.64,2651.82367,binance,BTCUSDT,4h
2025-07-23 20:00:00+00:00,118393.64,118756.0,117381.8,118755.99,2436.28251,binance,BTCUSDT,4h
2025-07-24 00:00:00+00:00,118756.0,119273.36,118466.71,118488.92,1878.28334,binance,BTCUSDT,4h
2025-07-24 04:00:00+00:00,118488.92,118610.25,117103.1,118416.21,3786.93245,binance,BTCUSDT,4h
2025-07-24 08:00:00+00:00,118416.21,118814.47,117955.59,118600.0,2404.15809,binance,BTCUSDT,4h
2025-07-24 12:00:00+00:00,118600.0,119450.0,117832.32,119092.65,4139.29216,binance,BTCUSDT,4h
2025-07-24 16:00:00+00:00,119092.65,119395.81,118350.0,118943.42,2166.82662,binance,BTCUSDT,4h
2025-07-24 20:00:00+00:00,118943.42,119010.64,118166.94,118340.99,1431.39777,binance,BTCUSDT,4h
2025-07-25 00:00:00+00:00,118340.98,118451.57,115330.86,115419.66,11127.20493,binance,BTCUSDT,4h
2025-07-25 04:00:00+00:00,115419.65,116144.63,114723.16,115320.01,8835.25163,binance,BTCUSDT,4h
2025-07-25 08:00:00+00:00,115320.01,116782.13,115008.85,116543.58,7216.21136,binance,BTCUSDT,4h
2025-07-25 12:00:00+00:00,116543.59,116656.99,114908.0,115727.08,6361.79335,binance,BTCUSDT,4h
2025-07-25 16:00:00+00:00,115727.07,116997.21,115455.46,116688.6,3089.40882,binance,BTCUSDT,4h
2025-07-25 20:00:00+00:00,116688.6,117630.0,116578.02,117614.31,1776.47864,binance,BTCUSDT,4h
2025-07-26 00:00:00+00:00,117614.31,118297.35,117138.38,117919.99,6991.67206,binance,BTCUSDT,1d
2025-07-26 04:00:00+00:00,117489.61,117547.92,117304.46,117304.47,1006.48005,binance,BTCUSDT,4h
2025-07-26 08:00:00+00:00,117304.47,118217.45,117304.46,117776.11,1549.30958,binance,BTCUSDT,4h
2025-07-26 12:00:00+00:00,117776.1,118220.0,117772.13,118130.1,1303.59734,binance,BTCUSDT,4h
2025-07-26 16:00:00+00:00,118130.1,118297.35,117941.96,118232.11,1051.39337,binance,BTCUSDT,4h
2025-07-26 20:00:00+00:00,118232.11,118276.66,117883.86,117919.99,858.64895,binance,BTCUSDT,4h
2025-07-27 00:00:00+00:00,117919.99,119766.65,117825.5,119415.55,9328.30919,binance,BTCUSDT,1d
2025-07-27 04:00:00+00:00,118182.83,118438.83,118066.74,118095.95,808.21213,binance,BTCUSDT,4h
2025-07-27 08:00:00+00:00,118095.95,118292.86,117859.98,118072.71,835.9696,binance,BTCUSDT,4h
2025-07-27 12:00:00+00:00,118072.71,118588.0,117890.0,118585.74,1586.05165,binance,BTCUSDT,4h
2025-07-27 16:00:00+00:00,118585.75,119540.01,118585.75,118960.0,3418.37234,binance,BTCUSDT,4h
2025-07-27 20:00:00+00:00,118960.01,119766.65,118713.74,119415.55,1672.19651,binance,BTCUSDT,4h
2025-07-28 00:00:00+00:00,119415.56,119800.0,118960.5,119287.99,1824.53168,binance,BTCUSDT,4h
2025-07-28 04:00:00+00:00,119287.99,119701.07,118774.31,118900.0,2360.0622,binance,BTCUSDT,4h
2025-07-28 08:00:00+00:00,118900.01,119102.69,118475.47,118827.49,2060.1822,binance,BTCUSDT,4h
2025-07-28 12:00:00+00:00,118827.49,119093.68,117895.73,118174.9,3792.61028,binance,BTCUSDT,4h
2025-07-28 16:00:00+00:00,118174.89,118376.61,117427.5,118068.73,2575.55527,binance,BTCUSDT,4h
2025-07-28 20:00:00+00:00,118068.73,118350.01,117500.09,118062.32,1348.80591,binance,BTCUSDT,4h
2025-07-29 00:00:00+00:00,118062.32,119273.36,116950.75,117950.76,15137.93445,binance,BTCUSDT,1d
2025-07-29 04:00:00+00:00,118764.85,119273.36,118416.66,118882.37,2579.99271,binance,BTCUSDT,4h
2025-07-29 08:00:00+00:00,118882.37,119051.0,118160.87,118592.38,1962.95351,binance,BTCUSDT,4h
2025-07-29 12:00:00+00:00,118592.38,119080.81,117272.0,117400.01,4173.95638,binance,BTCUSDT,4h
2025-07-29 16:00:00+00:00,117400.02,118057.05,116950.75,117525.29,2441.06334,binance,BTCUSDT,4h
2025-07-29 20:00:00+00:00,117525.28,118000.0,117094.96,117950.76,1737.09083,binance,BTCUSDT,4h
2025-07-30 00:00:00+00:00,117950.75,118250.0,117412.53,118161.87,1226.38506,binance,BTCUSDT,4h
2025-07-30 04:00:00+00:00,118161.86,118412.11,117667.33,118123.01,1232.08963,binance,BTCUSDT,4h
2025-07-30 08:00:00+00:00,118123.0,118481.81,117358.84,117579.99,2228.01795,binance,BTCUSDT,4h
2025-07-30 12:00:00+00:00,117579.99,118792.0,117358.84,118000.01,3794.91612,binance,BTCUSDT,4h
2025-07-30 16:00:00+00:00,118000.01,118037.18,115796.23,116916.73,5721.15052,binance,BTCUSDT,4h
2025-07-30 20:00:00+00:00,116916.73,117908.4,116880.64,117840.3,1384.17703,binance,BTCUSDT,4h
2025-07-31 00:00:00+00:00,117840.29,118600.0,117781.87,118466.14,2307.57332,binance,BTCUSDT,4h
2025-07-31 04:00:00+00:00,118466.15,118922.45,118287.63,118665.97,1907.96734,binance,BTCUSDT,4h
2025-07-31 08:00:00+00:00,118665.98,118770.07,118278.91,118371.25,1290.20631,binance,BTCUSDT,4h
2025-07-31 12:00:00+00:00,118371.25,118702.1,117807.35,118306.18,3457.28095,binance,BTCUSDT,4h
2025-07-31 16:00:00+00:00,118306.18,118879.14,116763.43,116785.79,4228.22018,binance,BTCUSDT,4h
2025-07-31 20:00:00+00:00,116785.78,116990.04,115500.0,115764.08,3818.7592,binance,BTCUSDT,4h
2025-08-01 00:00:00+00:00,115764.07,116052.0,114313.13,115648.03,5440.32571,binance,BTCUSDT,4h
2025-08-01 04:00:00+00:00,115648.03,115916.43,114633.18,115081.77,2952.50734,binance,BTCUSDT,4h
2025-08-01 08:00:00+00:00,115081.76,115340.0,114116.0,115305.65,3338.52917,binance,BTCUSDT,4h
2025-08-01 12:00:00+00:00,115305.64,116019.3,113988.47,115357.82,5325.96286,binance,BTCUSDT,4h
2025-08-01 16:00:00+00:00,115357.82,115695.52,113221.93,113328.68,4135.47502,binance,BTCUSDT,4h
2025-08-01 20:00:00+00:00,113328.67,114094.08,112722.58,113297.93,3294.30196,binance,BTCUSDT,4h
2025-08-02 00:00:00+00:00,113297.92,113921.94,113198.63,113909.86,1422.97261,binance,BTCUSDT,4h
2025-08-02 04:00:00+00:00,113909.87,114063.49,113469.43,113982.49,1674.39001,binance,BTCUSDT,4h
2025-08-02 08:00:00+00:00,113982.49,114040.29,113425.58,113787.12,1135.36227,binance,BTCUSDT,4h
2025-08-02 12:00:00+00:00,113787.11,113787.12,112802.31,112840.71,1922.72871,binance,BTCUSDT,4h
2025-08-02 16:00:00+00:00,112840.7,113420.0,112003.0,112229.42,3414.70659,binance,BTCUSDT,4h
2025-08-02 20:00:00+00:00,112229.42,113058.82,112069.86,112546.35,1937.17409,binance,BTCUSDT,4h
2025-08-03 00:00:00+00:00,112546.35,113740.69,111920.0,113604.2,2106.5441,binance,BTCUSDT,4h
2025-08-03 04:00:00+00:00,113604.2,113720.16,113341.06,113700.0,764.27697,binance,BTCUSDT,4h
2025-08-03 08:00:00+00:00,113700.0,114260.31,113551.0,113862.18,1260.20877,binance,BTCUSDT,4h
2025-08-03 12:00:00+00:00,113862.19,114098.45,113579.69,113959.06,1131.56686,binance,BTCUSDT,4h
2025-08-03 16:00:00+00:00,113959.06,114799.97,113775.55,114313.19,1254.96509,binance,BTCUSDT,4h
2025-08-03 20:00:00+00:00,114313.19,114612.24,114066.56,114208.8,880.19867,binance,BTCUSDT,4h
2025-08-04 00:00:00+00:00,114208.81,115720.0,114107.6,115055.03,9667.67916,binance,BTCUSDT,1d
2025-08-04 04:00:00+00:00,114570.61,114778.5,114148.58,114652.97,1221.27307,binance,BTCUSDT,4h
2025-08-04 08:00:00+00:00,114652.98,114750.0,114217.97,114493.09,1188.64494,binance,BTCUSDT,4h
2025-08-04 12:00:00+00:00,114493.09,115466.0,114121.0,114826.0,2885.46126,binance,BTCUSDT,4h
2025-08-04 16:00:00+00:00,114826.01,115720.0,114732.65,114777.62,1843.11618,binance,BTCUSDT,4h
2025-08-04 20:00:00+00:00,114777.62,115340.0,114616.33,115055.03,1004.17785,binance,BTCUSDT,4h
2025-08-05 00:00:00+00:00,115055.03,115127.81,112650.0,114129.75,12042.79078,binance,BTCUSDT,1d
2025-08-05 04:00:00+00:00,114256.85,114500.66,113725.72,113969.7,2125.54323,binance,BTCUSDT,4h
2025-08-05 08:00:00+00:00,113969.7,115096.73,113928.87,114827.07,1593.56232,binance,BTCUSDT,4h
2025-08-05 12:00:00+00:00,114827.07,114893.13,112650.0,112934.0,4590.4684,binance,BTCUSDT,4h
2025-08-05 16:00:00+00:00,112934.0,113763.27,112815.68,113616.52,1434.52074,binance,BTCUSDT,4h
2025-08-05 20:00:00+00:00,113616.51,114228.88,113304.0,114129.75,899.77214,binance,BTCUSDT,4h
2025-08-06 00:00:00+00:00,114129.75,114139.38,113400.0,113509.97,1061.53764,binance,BTCUSDT,4h
2025-08-06 04:00:00+00:00,113509.98,114417.02,113355.13,114227.91,1437.03071,binance,BTCUSDT,4h
2025-08-06 08:00:00+00:00,114227.9,114404.23,113727.57,114226.69,1280.29764,binance,BTCUSDT,4h
2025-08-06 12:00:00+00:00,114226.68,115515.09,113579.9,115413.87,3509.68013,binance,BTCUSDT,4h
2025-08-06 16:00:00+00:00,115413.87,115716.0,114942.18,115259.99,1727.95909,binance,BTCUSDT,4h
2025-08-06 20:00:00+00:00,115260.0,115260.0,114793.01,114992.27,744.64797,binance,BTCUSDT,4h
2025-08-07 00:00:00+00:00,114992.27,115185.58,114404.22,114546.03,1192.91433,binance,BTCUSDT,4h
2025-08-07 04:00:00+00:00,114546.03,114876.79,114259.0,114787.99,1290.96115,binance,BTCUSDT,4h
2025-08-07 08:00:00+00:00,114787.99,116828.93,114787.98,116519.53,3698.10885,binance,BTCUSDT,4h
2025-08-07 12:00:00+00:00,116519.54,116791.11,116035.84,116689.81,2746.73177,binance,BTCUSDT,4h
2025-08-07 16:00:00+00:00,116689.8,117520.0,115632.31,117461.98,2735.62556,binance,BTCUSDT,4h
2025-08-07 20:00:00+00:00,117461.99,117621.0,117012.0,117472.01,1804.22097,binance,BTCUSDT,4h
2025-08-08 00:00:00+00:00,117472.02,117630.0,115878.71,116674.74,10045.31278,binance,BTCUSDT,1d
2025-08-08 04:00:00+00:00,116737.34,116973.3,116401.0,116817.19,1456.27491,binance,BTCUSDT,4h
2025-08-08 08:00:00+00:00,116817.2,116914.6,116317.08,116891.51,1108.98011,binance,BTCUSDT,4h
2025-08-08 12:00:00+00:00,116891.51,117271.73,115878.71,116207.69,2540.81848,binance,BTCUSDT,4h
2025-08-08 16:00:00+00:00,116207.7,116900.0,116006.14,116453.41,1690.79713,binance,BTCUSDT,4h
2025-08-08 20:00:00+00:00,116453.41,116980.0,116319.06,116674.74,854.52241,binance,BTCUSDT,4h
2025-08-09 00:00:00+00:00,116674.74,117944.05,116299.13,116462.25,9514.13144,binance,BTCUSDT,1d
2025-08-09 04:00:00+00:00,116384.01,116980.0,116339.45,116756.01,2021.01259,binance,BTCUSDT,4h
2025-08-09 08:00:00+00:00,116756.0,117944.05,116756.0,117110.0,2353.3714,binance,BTCUSDT,4h
2025-08-09 12:00:00+00:00,117110.0,117238.04,116700.01,116892.47,1382.66437,binance,BTCUSDT,4h
2025-08-09 16:00:00+00:00,116892.48,116947.16,116500.0,116535.69,1202.78039,binance,BTCUSDT,4h
2025-08-09 20:00:00+00:00,116535.68,117021.16,116359.89,116462.25,1582.41033,binance,BTCUSDT,4h
2025-08-10 00:00:00+00:00,116462.25,119311.11,116460.63,119294.01,14322.77073,binance,BTCUSDT,1d
2025-08-10 04:00:00+00:00,118500.0,118741.77,117466.34,117808.3,2444.0838,binance,BTCUSDT,4h
2025-08-10 08:00:00+00:00,117808.29,118500.0,117608.01,118330.58,1506.32503,binance,BTCUSDT,4h
2025-08-10 12:00:00+00:00,118330.58,119113.94,118232.0,118815.0,2809.2276,binance,BTCUSDT,4h
2025-08-10 16:00:00+00:00,118815.0,118944.24,118433.8,118663.08,995.85812,binance,BTCUSDT,4h
2025-08-10 20:00:00+00:00,118663.09,119311.11,118074.99,119294.01,2674.59294,binance,BTCUSDT,4h
2025-08-11 00:00:00+00:00,119294.27,122164.07,118972.59,121728.99,7626.19257,binance,BTCUSDT,4h
2025-08-11 04:00:00+00:00,121729.0,122335.16,121466.08,121537.15,4279.8879,binance,BTCUSDT,4h
2025-08-11 08:00:00+00:00,121537.14,121823.0,120286.4,120561.54,4216.26732,binance,BTCUSDT,4h
2025-08-11 12:00:00+00:00,120561.53,120667.54,119382.91,120314.4,5236.26223,binance,BTCUSDT,4h
2025-08-11 16:00:00+00:00,120314.4,120794.05,118604.17,119089.3,2812.92272,binance,BTCUSDT,4h
2025-08-11 20:00:00+00:00,119089.3,119172.63,118050.11,118686.0,2322.80155,binance,BTCUSDT,4h
2025-08-12 00:00:00+00:00,118686.0,119275.46,118593.39,118857.7,1894.63528,binance,BTCUSDT,4h
2025-08-12 04:00:00+00:00,118857.7,119158.06,118424.86,118986.72,3135.38397,binance,BTCUSDT,4h
2025-08-12 08:00:00+00:00,118986.73,119058.43,118207.47,118522.22,2346.379,binance,BTCUSDT,4h
2025-08-12 12:00:00+00:00,118522.22,119960.0,118285.0,119933.0,4914.05441,binance,BTCUSDT,4h
2025-08-12 16:00:00+00:00,119933.0,120192.1,119172.62,119665.27,2309.07117,binance,BTCUSDT,4h
2025-08-12 20:00:00+00:00,119665.27,120324.43,119485.84,120134.08,2120.5851,binance,BTCUSDT,4h
2025-08-13 00:00:00+00:00,120134.09,123667.79,118920.92,123306.43,23210.07102,binance,BTCUSDT,1d
2025-08-13 04:00:00+00:00,119482.01,119820.18,118920.92,119580.4,2324.10298,binance,BTCUSDT,4h
2025-08-13 08:00:00+00:00,119580.4,120732.94,119446.22,120570.41,3213.18528,binance,BTCUSDT,4h
2025-08-13 12:00:00+00:00,120570.41,122200.0,120106.02,120920.62,7228.67197,binance,BTCUSDT,4h
2025-08-13 16:00:00+00:00,120920.61,122839.47,120920.61,122744.21,4167.90157,binance,BTCUSDT,4h
2025-08-13 20:00:00+00:00,122744.22,123667.79,122298.2,123306.43,3915.20787,binance,BTCUSDT,4h
2025-08-14 00:00:00+00:00,123306.44,124474.0,123250.5,123337.14,3481.676316,binance,BTCUSDT,4h
2025-08-14 04:00:00+00:00,123337.14,123428.6,121313.86,121725.31,3755.65744,binance,BTCUSDT,4h
2025-08-14 08:00:00+00:00,121725.31,122045.9,120694.0,120949.67,3456.28874,binance,BTCUSDT,4h
2025-08-14 12:00:00+00:00,120949.66,121183.06,117632.0,118257.25,11617.06761,binance,BTCUSDT,4h
2025-08-14 16:00:00+00:00,118257.26,118535.0,117180.0,117945.92,3545.40524,binance,BTCUSDT,4h
2025-08-14 20:00:00+00:00,117945.92,118516.81,117302.33,118295.09,2124.85224,binance,BTCUSDT,4h
2025-08-15 00:00:00+00:00,118295.09,119077.71,118032.32,118968.91,1883.55436,binance,BTCUSDT,4h
2025-08-15 04:00:00+00:00,118968.91,119216.82,118629.58,118956.45,1732.90691,binance,BTCUSDT,4h
2025-08-15 08:00:00+00:00,118956.45,119144.5,118600.0,119006.01,1129.82607,binance,BTCUSDT,4h
2025-08-15 12:00:00+00:00,119006.01,119130.77,116827.29,117275.22,5128.8936,binance,BTCUSDT,4h
2025-08-15 16:00:00+00:00,117275.23,117882.35,116803.99,116936.27,2393.46089,binance,BTCUSDT,4h
2025-08-15 20:00:00+00:00,116936.28,117761.88,116862.5,117342.05,1354.69691,binance,BTCUSDT,4h
2025-08-16 00:00:00+00:00,117342.04,117898.99,117143.98,117380.66,6393.68117,binance,BTCUSDT,1d
2025-08-16 04:00:00+00:00,117429.63,117884.0,117278.0,117596.07,925.25596,binance,BTCUSDT,4h
2025-08-16 08:00:00+00:00,117596.07,117703.92,117143.98,117378.52,1206.0413,binance,BTCUSDT,4h
2025-08-16 12:00:00+00:00,117378.52,117825.0,117327.63,117676.7,1191.50027,binance,BTCUSDT,4h
2025-08-16 16:00:00+00:00,117676.7,117817.65,117629.94,117672.12,817.42683,binance,BTCUSDT,4h
2025-08-16 20:00:00+00:00,117672.13,117713.51,117219.34,117380.66,832.93131,binance,BTCUSDT,4h
2025-08-17 00:00:00+00:00,117380.66,118575.0,117172.21,117405.01,5898.64192,binance,BTCUSDT,1d
2025-08-17 04:00:00+00:00,117684.96,118230.82,117684.95,118005.98,1109.68335,binance,BTCUSDT,4h
2025-08-17 08:00:00+00:00,118005.98,118484.0,117922.0,118308.01,1007.67549,binance,BTCUSDT,4h
2025-08-17 12:00:00+00:00,118308.0,118575.0,118059.12,118246.16,974.27271,binance,BTCUSDT,4h
2025-08-17 16:00:00+00:00,118246.15,118316.01,117321.53,117570.07,1326.17558,binance,BTCUSDT,4h
2025-08-17 20:00:00+00:00,117570.07,117995.37,117371.65,117405.01,710.30388,binance,BTCUSDT,4h
2025-08-18 00:00:00+00:00,117405.01,117543.75,115000.0,115319.0,5801.42298,binance,BTCUSDT,4h
2025-08-18 04:00:00+00:00,115319.0,115712.49,114878.71,115205.98,3433.42415,binance,BTCUSDT,4h
2025-08-18 08:00:00+00:00,115205.99,115402.51,114640.14,114947.27,2793.98984,binance,BTCUSDT,4h
2025-08-18 12:00:00+00:00,114947.27,116186.97,114825.0,116145.34,2772.17945,binance,BTCUSDT,4h
2025-08-18 16:00:00+00:00,116145.34,116800.0,115818.86,116313.99,1731.37273,binance,BTCUSDT,4h
2025-08-18 20:00:00+00:00,116314.0,116980.0,115980.32,116227.05,1213.55039,binance,BTCUSDT,4h
2025-08-19 00:00:00+00:00,116227.05,116725.69,114787.23,114810.0,2390.89748,binance,BTCUSDT,4h
2025-08-19 04:00:00+00:00,114810.01,115483.24,114366.0,114978.14,2499.12321,binance,BTCUSDT,4h
2025-08-19 08:00:00+00:00,114978.15,115650.0,114804.0,115508.71,1471.04277,binance,BTCUSDT,4h
2025-08-19 12:00:00+00:00,115508.71,115875.84,113587.68,113786.38,5294.46316,binance,BTCUSDT,4h
2025-08-19 16:00:00+00:00,113786.39,113897.58,112767.06,113132.48,3784.35052,binance,BTCUSDT,4h
2025-08-19 20:00:00+00:00,113132.49,113589.48,112732.58,112872.94,2625.5971,binance,BTCUSDT,4h
2025-08-20 00:00:00+00:00,112872.95,114615.38,112380.0,114271.24,15636.34194,binance,BTCUSDT,1d
2025-08-20 04:00:00+00:00,113525.9,113837.93,113432.0,113490.13,1367.41482,binance,BTCUSDT,4h
2025-08-20 08:00:00+00:00,113490.14,114016.77,113060.08,113666.68,2352.50644,binance,BTCUSDT,4h
2025-08-20 12:00:00+00:00,113666.69,114326.35,112380.0,113353.94,4605.43198,binance,BTCUSDT,4h
2025-08-20 16:00:00+00:00,113353.94,114444.0,113264.01,114276.66,2624.00614,binance,BTCUSDT,4h
2025-08-20 20:00:00+00:00,114276.66,114615.38,114000.0,114271.24,1570.2768,binance,BTCUSDT,4h
2025-08-21 00:00:00+00:00,114271.23,114821.76,113906.01,113954.62,1626.72781,binance,BTCUSDT,4h
2025-08-21 04:00:00+00:00,113954.62,114033.84,113582.43,113896.03,1612.36321,binance,BTCUSDT,4h
2025-08-21 08:00:00+00:00,113896.03,113990.0,113000.0,113148.66,1509.65106,binance,BTCUSDT,4h
2025-08-21 12:00:00+00:00,113148.65,113995.11,112608.64,112792.08,2521.11028,binance,BTCUSDT,4h
2025-08-21 16:00:00+00:00,112792.08,112969.47,112015.67,112193.71,2468.80417,binance,BTCUSDT,4h
2025-08-21 20:00:00+00:00,112193.71,112870.94,112067.46,112500.0,1101.03582,binance,BTCUSDT,4h
2025-08-22 00:00:00+00:00,112500.0,113525.0,112335.6,112929.24,1610.19525,binance,BTCUSDT,4h
2025-08-22 04:00:00+00:00,112929.24,113394.76,112708.81,113094.83,1656.2572,binance,BTCUSDT,4h
2025-08-22 08:00:00+00:00,113094.83,113319.3,112177.27,112320.0,1932.43574,binance,BTCUSDT,4h
2025-08-22 12:00:00+00:00,112320.01,117296.12,111684.79,116370.75,11505.26127,binance,BTCUSDT,4h
2025-08-22 16:00:00+00:00,116370.75,117429.05,116116.0,116655.79,4307.94644,binance,BTCUSDT,4h
2025-08-22 20:00:00+00:00,116655.79,117174.43,116550.96,116935.99,2115.99447,binance,BTCUSDT,4h
2025-08-23 00:00:00+00:00,116936.0,117030.0,115458.2,115568.77,2647.58419,binance,BTCUSDT,4h
2025-08-23 04:00:00+00:00,115568.77,116034.53,115551.2,115799.47,2258.18362,binance,BTCUSDT,4h
2025-08-23 08:00:00+00:00,115799.46,115861.8,115223.43,115310.13,1313.89391,binance,BTCUSDT,4h
2025-08-23 12:00:00+00:00,115310.13,115486.97,114560.0,114812.87,3027.56166,binance,BTCUSDT,4h
2025-08-23 16:00:00+00:00,114812.88,115190.74,114684.11,115133.91,1105.55067,binance,BTCUSDT,4h
2025-08-23 20:00:00+00:00,115133.92,115454.12,115001.88,115438.05,976.58792,binance,BTCUSDT,4h
2025-08-24 00:00:00+00:00,115438.06,115666.68,114934.21,115036.0,1995.92433,binance,BTCUSDT,4h
2025-08-24 04:00:00+00:00,115036.01,115283.21,114846.14,114888.19,1715.6873,binance,BTCUSDT,4h
2025-08-24 08:00:00+00:00,114888.19,115060.99,114600.0,114730.22,2223.47925,binance,BTCUSDT,4h
2025-08-24 12:00:00+00:00,114730.22,114869.41,114350.57,114400.0,2662.01905,binance,BTCUSDT,4h
2025-08-24 16:00:00+00:00,114400.01,114917.1,110680.0,112600.0,8322.01988,binance,BTCUSDT,4h
2025-08-24 20:00:00+00:00,112600.0,113692.97,111632.85,113493.59,4256.85481,binance,BTCUSDT,4h
2025-08-25 00:00:00+00:00,113493.59,113667.28,109274.1,110111.98,25182.79379,binance,BTCUSDT,1d
2025-08-25 04:00:00+00:00,112916.84,113059.52,111284.05,111511.55,4054.02521,binance,BTCUSDT,4h
2025-08-25 08:00:00+00:00,111511.56,111850.13,110929.48,111214.97,4028.25788,binance,BTCUSDT,4h
2025-08-25 12:00:00+00:00,111214.97,112580.0,110588.0,112200.64,4593.3206,binance,BTCUSDT,4h
2025-08-25 16:00:00+00:00,112200.65,112937.26,110655.01,110716.13,3109.40411,binance,BTCUSDT,4h
2025-08-25 20:00:00+00:00,110716.13,111092.54,109274.1,110111.98,7012.81309,binance,BTCUSDT,4h
2025-08-26 00:00:00+00:00,110111.98,112371.0,108666.66,111763.22,18452.43877,binance,BTCUSDT,1d
2025-08-26 04:00:00+00:00,109879.57,110547.31,109765.93,110303.2,1910.05232,binance,BTCUSDT,4h
2025-08-26 08:00:00+00:00,110303.2,110455.13,109570.34,109876.52,1852.10166,binance,BTCUSDT,4h
2025-08-26 12:00:00+00:00,109876.53,110818.6,109393.93,109666.33,4559.68511,binance,BTCUSDT,4h
2025-08-26 16:00:00+00:00,109666.34,111162.59,109450.0,111116.03,3548.51055,binance,BTCUSDT,4h
2025-08-26 20:00:00+00:00,111116.03,112371.0,110918.26,111763.22,2426.69707,binance,BTCUSDT,4h
2025-08-27 00:00:00+00:00,111763.22,112625.0,110345.42,111262.01,13392.60875,binance,BTCUSDT,1d
2025-08-27 04:00:00+00:00,111418.15,111737.26,110622.5,110725.18,1809.80294,binance,BTCUSDT,4h
2025-08-27 08:00:00+00:00,110725.19,111374.45,110345.42,111322.07,1594.26753,binance,BTCUSDT,4h
2025-08-27 12:00:00+00:00,111322.07,112625.0,111019.02,112000.0,3310.1006,binance,BTCUSDT,4h
2025-08-27 16:00:00+00:00,111999.99,112600.0,111541.23,112080.69,1902.42552,binance,BTCUSDT,4h
2025-08-27 20:00:00+00:00,112080.68,112452.05,110921.79,111262.01,2603.73903,binance,BTCUSDT,4h
2025-08-28 00:00:00+00:00,111262.01,113485.9,110862.42,112566.9,11104.27744,binance,BTCUSDT,1d
2025-08-28 04:00:00+00:00,112000.0,113360.0,111945.07,113114.11,2481.91862,binance,BTCUSDT,4h
2025-08-28 08:00:00+00:00,113114.11,113351.51,112826.22,112909.18,1419.04336,binance,BTCUSDT,4h
2025-08-28 12:00:00+00:00,112909.18,113485.9,112391.56,112678.53,3088.9335,binance,BTCUSDT,4h
2025-08-28 16:00:00+00:00,112678.53,113186.56,111901.35,111901.36,1813.29699,binance,BTCUSDT,4h
2025-08-28 20:00:00+00:00,111901.36,112575.98,111872.06,112566.9,1097.30715,binance,BTCUSDT,4h
2025-08-29 00:00:00+00:00,112566.9,112638.64,107463.9,108377.4,22580.31045,binance,BTCUSDT,1d
2025-08-29 04:00:00+00:00,111704.24,111850.56,109899.99,110019.38,4260.9718,binance,BTCUSDT,4h
2025-08-29 08:00:00+00:00,110019.38,110270.3,109414.18,110098.81,2848.31026,binance,BTCUSDT,4h
2025-08-29 12:00:00+00:00,110098.81,111517.07,108103.0,108386.23,7729.2804,binance,BTCUSDT,4h
2025-08-29 16:00:00+00:00,108386.23,108832.0,107934.24,108212.01,2605.64538,binance,BTCUSDT,4h
2025-08-29 20:00:00+00:00,108212.01,108549.99,107463.9,108377.4,3013.0964,binance,BTCUSDT,4h
2025-08-30 00:00:00+00:00,108377.4,108436.21,107350.1,108436.2,3244.13736,binance,BTCUSDT,4h
2025-08-30 04:00:00+00:00,108436.21,108697.28,108120.0,108524.26,3052.32523,binance,BTCUSDT,4h
2025-08-30 08:00:00+00:00,108524.26,108777.43,108400.0,108680.01,1416.9539,binance,BTCUSDT,4h
2025-08-30 12:00:00+00:00,108680.01,108926.15,108190.52,108869.98,1540.53972,binance,BTCUSDT,4h
2025-08-30 16:00:00+00:00,108869.98,108900.0,108625.46,108828.33,677.58629,binance,BTCUSDT,4h
2025-08-30 20:00:00+00:00,108828.32,108838.27,108468.77,108816.33,776.84909,binance,BTCUSDT,4h
2025-08-31 00:00:00+00:00,108816.33,109480.02,108801.35,109223.84,1756.83146,binance,BTCUSDT,4h
2025-08-31 04:00:00+00:00,109223.84,109231.41,108523.49,108708.26,1177.25929,binance,BTCUSDT,4h
2025-08-31 08:00:00+00:00,108708.25,109100.0,108303.21,108389.76,1590.89462,binance,BTCUSDT,4h
2025-08-31 12:00:00+00:00,108389.77,108858.43,108191.29,108818.69,2441.88905,binance,BTCUSDT,4h
2025-08-31 16:00:00+00:00,108818.69,109237.51,108555.0,108930.0,1232.50315,binance,BTCUSDT,4h
2025-08-31 20:00:00+00:00,108930.0,109230.0,108076.93,108246.35,1290.13839,binance,BTCUSDT,4h
2025-09-01 00:00:00+00:00,108246.36,108482.98,107393.0,107660.01,3206.34097,binance,BTCUSDT,4h
2025-09-01 04:00:00+00:00,107660.0,109432.99,107255.0,109432.99,2904.1728,binance,BTCUSDT,4h
2025-09-01 08:00:00+00:00,109432.99,109912.4,108186.41,108782.88,3111.29125,binance,BTCUSDT,4h
2025-09-01 12:00:00+00:00,108782.89,109520.0,108566.0,108784.33,2266.34513,binance,BTCUSDT,4h
2025-09-01 16:00:00+00:00,108784.33,109329.65,108391.3,109217.64,1553.15049,binance,BTCUSDT,4h
2025-09-01 20:00:00+00:00,109217.65,109442.95,107459.49,109237.42,3012.30155,binance,BTCUSDT,4h
2025-09-02 00:00:00+00:00,109237.43,110623.97,108883.8,110322.18,3166.02008,binance,BTCUSDT,4h
2025-09-02 04:00:00+00:00,110322.19,110610.5,110000.0,110233.92,1952.71608,binance,BTCUSDT,4h
2025-09-02 08:00:00+00:00,110233.91,110711.1,109563.87,109733.34,2462.01591,binance,BTCUSDT,4h
2025-09-02 09:00:00+00:00,110360.01,110699.58,110256.94,110450.56,476.55196,binance,BTCUSDT,1h
2025-09-02 10:00:00+00:00,110450.56,110477.85,110128.13,110246.0,410.87869,binance,BTCUSDT,1h
2025-09-02 11:00:00+00:00,110246.0,110255.17,109563.87,109733.34,1017.54899,binance,BTCUSDT,1h
2025-09-02 12:00:00+00:00,109733.33,111771.52,108393.39,110829.17,6768.89317,binance,BTCUSDT,4h
2025-09-02 13:00:00+00:00,108796.0,111275.93,108733.88,111149.99,2481.2087,binance,BTCUSDT,1h
2025-09-02 14:00:00+00:00,111149.99,111771.52,110780.61,111360.01,1925.30316,binance,BTCUSDT,1h
2025-09-02 15:00:00+00:00,111360.0,111540.3,110628.85,110829.17,1065.05414,binance,BTCUSDT,1h
2025-09-02 16:00:00+00:00,110829.16,111119.58,110469.7,110785.85,928.68032,binance,BTCUSDT,1h
2025-09-02 17:00:00+00:00,110785.85,111050.0,110628.85,110914.0,702.01172,binance,BTCUSDT,1h
2025-09-02 18:00:00+00:00,110914.01,110945.3,110200.0,110646.47,506.68111,binance,BTCUSDT,1h
2025-09-02 19:00:00+00:00,110646.47,110840.0,110441.42,110806.0,447.85722,binance,BTCUSDT,1h
2025-09-02 20:00:00+00:00,110806.01,111419.18,110716.77,111418.49,585.42846,binance,BTCUSDT,1h
2025-09-02 21:00:00+00:00,111418.49,111538.17,111129.57,111129.57,356.26128,binance,BTCUSDT,1h
2025-09-02 22:00:00+00:00,111129.58,111260.0,110870.27,111259.99,374.87092,binance,BTCUSDT,1h
2025-09-02 23:00:00+00:00,111260.0,111271.13,111017.79,111240.01,258.85129,binance,BTCUSDT,1h
2025-09-03 00:00:00+00:00,111240.01,111782.21,111240.01,111339.98,992.20281,binance,BTCUSDT,1h
2025-09-03 01:00:00+00:00,111339.98,111404.77,110901.06,111176.94,454.81663,binance,BTCUSDT,1h
2025-09-03 02:00:00+00:00,111176.93,111484.05,111029.43,111372.0,424.89931,binance,BTCUSDT,1h
2025-09-03 03:00:00+00:00,111372.0,111411.24,110892.14,111054.01,391.69818,binance,BTCUSDT,1h
2025-09-03 04:00:00+00:00,111054.0,111151.99,110836.48,111020.68,269.26802,binance,BTCUSDT,1h
2025-09-03 05:00:00+00:00,111020.68,111069.48,110666.0,110685.57,327.14961,binance,BTCUSDT,1h
2025-09-03 06:00:00+00:00,110685.57,110879.89,110549.8,110724.0,505.96638,binance,BTCUSDT,1h
2025-09-03 07:00:00+00:00,110724.0,111111.11,110528.71,111099.88,437.31572,binance,BTCUSDT,1h
2025-09-03 08:00:00+00:00,111099.87,111279.48,110974.0,111019.99,365.12571,binance,BTCUSDT,1h
2025-09-03 09:00:00+00:00,111019.99,111324.0,110889.29,111312.28,314.98009,binance,BTCUSDT,1h
2025-09-03 10:00:00+00:00,111312.28,111491.74,111170.06,111449.99,377.12634,binance,BTCUSDT,1h
2025-09-03 11:00:00+00:00,111450.0,111708.0,111388.24,111437.77,457.60494,binance,BTCUSDT,1h
2025-09-03 12:00:00+00:00,111437.77,111858.57,111031.61,111112.0,440.11635,binance,BTCUSDT,1h
2025-09-03 13:00:00+00:00,111112.0,111920.7,111065.56,111475.07,862.5714,binance,BTCUSDT,1h
2025-09-03 14:00:00+00:00,111475.08,112500.0,111118.43,112261.37,1480.6438,binance,BTCUSDT,1h
2025-09-03 15:00:00+00:00,112261.37,112376.7,111910.24,112222.74,766.67332,binance,BTCUSDT,1h
2025-09-03 16:00:00+00:00,112222.73,112575.27,111686.24,112193.74,1957.30873,binance,BTCUSDT,4h
2025-09-03 17:00:00+00:00,111858.65,112575.27,111858.65,112312.64,574.69857,binance,BTCUSDT,1h
2025-09-03 18:00:00+00:00,112312.64,112516.35,111800.0,112000.0,465.80305,binance,BTCUSDT,1h
2025-09-03 19:00:00+00:00,112000.0,112252.33,111781.63,112193.74,312.61035,binance,BTCUSDT,1h
2025-09-03 20:00:00+00:00,112193.74,112250.0,112052.1,112211.31,229.15863,binance,BTCUSDT,1h
2025-09-03 21:00:00+00:00,112211.3,112250.0,111759.5,111989.67,182.28806,binance,BTCUSDT,1h
2025-09-03 22:00:00+00:00,111989.68,112150.0,111839.86,111947.48,177.73464,binance,BTCUSDT,1h
2025-09-03 23:00:00+00:00,111947.47,111980.0,111613.98,111705.71,359.07217,binance,BTCUSDT,1h
2025-09-04 00:00:00+00:00,111705.72,112180.0,111136.0,111148.97,1484.75903,binance,BTCUSDT,4h
2025-09-04 01:00:00+00:00,112065.6,112080.0,111641.63,111947.48,251.77157,binance,BTCUSDT,1h
2025-09-04 02:00:00+00:00,111947.48,111980.01,111406.79,111450.15,359.69532,binance,BTCUSDT,1h
2025-09-04 03:00:00+00:00,111450.16,111728.57,111136.0,111148.97,529.86591,binance,BTCUSDT,1h
2025-09-04 04:00:00+00:00,111148.97,111318.84,110279.68,110463.36,2293.72804,binance,BTCUSDT,4h
2025-09-04 05:00:00+00:00,110917.46,110922.4,110569.36,110653.07,1163.68375,binance,BTCUSDT,1h
2025-09-04 06:00:00+00:00,110653.08,110729.0,110279.68,110393.95,439.75314,binance,BTCUSDT,1h
2025-09-04 07:00:00+00:00,110393.95,110642.19,110343.72,110463.36,357.56088,binance,BTCUSDT,1h
2025-09-04 08:00:00+00:00,110463.36,111154.93,110415.72,110810.0,1251.00126,binance,BTCUSDT,4h
2025-09-04 09:00:00+00:00,110640.96,110856.63,110640.96,110815.04,215.23378,binance,BTCUSDT,1h
2025-09-04 10:00:00+00:00,110815.05,111154.93,110628.85,110628.86,318.57504,binance,BTCUSDT,1h
2025-09-04 11:00:00+00:00,110628.86,111054.69,110546.48,110810.0,381.28687,binance,BTCUSDT,1h
2025-09-04 12:00:00+00:00,110810.0,111123.99,110532.73,110933.94,432.19177,binance,BTCUSDT,1h
2025-09-04 13:00:00+00:00,110933.94,110970.0,110217.13,110464.0,602.3513,binance,BTCUSDT,1h
2025-09-04 14:00:00+00:00,110463.99,110523.98,109705.48,109842.01,1107.22942,binance,BTCUSDT,1h
2025-09-04 15:00:00+00:00,109842.01,109862.94,109329.12,109510.31,916.17813,binance,BTCUSDT,1h
2025-09-04 16:00:00+00:00,109510.32,109688.0,109363.26,109438.34,640.73994,binance,BTCUSDT,1h
2025-09-04 17:00:00+00:00,109438.35,109914.01,109428.98,109786.48,495.50168,binance,BTCUSDT,1h
2025-09-04 18:00:00+00:00,109786.48,110218.39,109699.15,109977.0,620.57193,binance,BTCUSDT,1h
2025-09-04 19:00:00+00:00,109977.0,110113.19,109713.31,109799.99,367.8214,binance,BTCUSDT,1h
2025-09-04 20:00:00+00:00,109800.0,110409.46,109755.59,110408.02,396.63364,binance,BTCUSDT,1h
2025-09-04 21:00:00+00:00,110408.01,110545.44,110328.96,110500.0,176.70046,binance,BTCUSDT,1h
2025-09-04 22:00:00+00:00,110500.01,111588.66,110484.95,111490.73,669.83836,binance,BTCUSDT,1h
2025-09-04 23:00:00+00:00,111490.74,111765.31,110605.72,110730.87,747.889,binance,BTCUSDT,1h
2025-09-05 00:00:00+00:00,110730.87,113384.62,110206.96,110659.99,21587.40888,binance,BTCUSDT,1d
2025-09-05 01:00:00+00:00,110451.63,111136.0,110451.63,111121.51,336.74632,binance,BTCUSDT,1h
2025-09-05 02:00:00+00:00,111121.51,111482.09,111040.79,111340.65,606.85268,binance,BTCUSDT,1h
2025-09-05 03:00:00+00:00,111340.64,111340.65,111096.67,111311.77,264.75507,binance,BTCUSDT,1h
2025-09-05 04:00:00+00:00,111311.78,112999.0,111144.51,112954.32,3481.17531,binance,BTCUSDT,4h
2025-09-05 05:00:00+00:00,111445.0,111710.49,111407.57,111574.5,365.92368,binance,BTCUSDT,1h
2025-09-05 06:00:00+00:00,111574.51,111914.53,111501.94,111911.99,435.99084,binance,BTCUSDT,1h
2025-09-05 07:00:00+00:00,111912.0,112999.0,111883.49,112954.32,1893.59984,binance,BTCUSDT,1h
2025-09-05 08:00:00+00:00,112954.32,112985.0,112605.37,112618.51,612.5461,binance,BTCUSDT,1h
2025-09-05 09:00:00+00:00,112618.51,112619.98,112131.02,112303.87,672.38321,binance,BTCUSDT,1h
2025-09-05 10:00:00+00:00,112303.87,112571.9,112191.4,112256.36,401.39645,binance,BTCUSDT,1h
2025-09-05 11:00:00+00:00,112256.36,112439.36,112138.15,112354.0,270.50308,binance,BTCUSDT,1h
2025-09-05 12:00:00+00:00,112354.0,113384.62,110286.91,110716.82,9805.88987,binance,BTCUSDT,4h
2025-09-05 13:00:00+00:00,113214.78,113310.01,112706.71,113084.16,2093.90932,binance,BTCUSDT,1h
2025-09-05 14:00:00+00:00,113084.16,113084.16,110487.65,110569.99,3593.87866,binance,BTCUSDT,1h
2025-09-05 15:00:00+00:00,110569.99,111017.8,110286.91,110716.82,1216.05211,binance,BTCUSDT,1h
2025-09-05 16:00:00+00:00,110716.82,110929.3,110537.99,110815.4,450.76892,binance,BTCUSDT,1h
2025-09-05 17:00:00+00:00,110815.4,110815.4,110206.96,110608.18,561.64147,binance,BTCUSDT,1h
2025-09-05 18:00:00+00:00,110608.19,111285.35,110569.43,111198.78,518.32708,binance,BTCUSDT,1h
2025-09-05 19:00:00+00:00,111198.77,111627.51,111125.8,111614.54,636.35672,binance,BTCUSDT,1h
2025-09-05 20:00:00+00:00,111614.54,111679.79,111299.98,111630.3,588.97794,binance,BTCUSDT,1h
2025-09-05 21:00:00+00:00,111630.31,111700.0,110375.6,110605.01,1465.95586,binance,BTCUSDT,1h
2025-09-05 22:00:00+00:00,110605.01,110917.46,110500.0,110800.0,278.07558,binance,BTCUSDT,1h
2025-09-05 23:00:00+00:00,110800.01,110859.49,110594.79,110659.99,177.83549,binance,BTCUSDT,1h
2025-09-06 00:00:00+00:00,110660.0,111307.7,109977.0,110187.97,5000.29897,binance,BTCUSDT,1d
2025-09-06 01:00:00+00:00,110779.7,110917.46,110744.08,110867.7,186.31454,binance,BTCUSDT,1h
2025-09-06 02:00:00+00:00,110867.71,111216.25,110733.11,111216.15,184.10167,binance,BTCUSDT,1h
2025-09-06 03:00:00+00:00,111216.14,111307.7,111000.12,111082.22,194.76496,binance,BTCUSDT,1h
2025-09-06 04:00:00+00:00,111082.23,111082.23,110783.7,110876.12,353.6322,binance,BTCUSDT,1h
2025-09-06 05:00:00+00:00,110876.12,110876.13,110687.69,110714.0,151.66886,binance,BTCUSDT,1h
2025-09-06 06:00:00+00:00,110714.0,110817.11,110714.0,110752.83,96.24087,binance,BTCUSDT,1h
2025-09-06 07:00:00+00:00,110752.84,110829.15,110750.64,110825.6,86.44213,binance,BTCUSDT,1h
2025-09-06 08:00:00+00:00,110825.59,110968.0,110675.58,110781.02,621.90211,binance,BTCUSDT,4h
2025-09-06 09:00:00+00:00,110952.77,110952.77,110693.86,110695.06,193.74674,binance,BTCUSDT,1h
2025-09-06 10:00:00+00:00,110695.06,110804.62,110677.3,110773.62,157.49749,binance,BTCUSDT,1h
2025-09-06 11:00:00+00:00,110773.62,110868.8,110675.58,110781.02,179.54833,binance,BTCUSDT,1h
2025-09-06 12:00:00+00:00,110781.03,110898.7,110753.97,110832.58,158.76991,binance,BTCUSDT,1h
2025-09-06 13:00:00+00:00,110832.59,110947.91,110822.0,110936.82,154.65819,binance,BTCUSDT,1h
2025-09-06 14:00:00+00:00,110936.82,110999.83,110781.96,110807.77,144.7163,binance,BTCUSDT,1h
2025-09-06 15:00:00+00:00,110807.78,110840.0,110358.11,110384.15,427.86502,binance,BTCUSDT,1h
2025-09-06 16:00:00+00:00,110384.16,110402.0,109977.0,110267.99,876.95944,binance,BTCUSDT,1h
2025-09-06 17:00:00+00:00,110267.99,110275.5,110000.0,110157.41,202.2087,binance,BTCUSDT,1h
2025-09-06 18:00:00+00:00,110157.41,110285.65,110056.29,110228.0,160.96245,binance,BTCUSDT,1h
2025-09-06 19:00:00+00:00,110228.01,110260.0,110000.0,110038.41,151.53,binance,BTCUSDT,1h
2025-09-06 20:00:00+00:00,110038.42,110282.82,110034.44,110187.97,612.56061,binance,BTCUSDT,4h
2025-09-06 21:00:00+00:00,110167.01,110215.03,110093.14,110201.0,168.43512,binance,BTCUSDT,1h
2025-09-06 22:00:00+00:00,110200.99,110238.12,110074.95,110170.55,159.17265,binance,BTCUSDT,1h
2025-09-06 23:00:00+00:00,110170.54,110282.82,110113.96,110187.97,144.86264,binance,BTCUSDT,1h
2025-09-07 00:00:00+00:00,110187.98,110367.37,110180.0,110356.75,274.12078,binance,BTCUSDT,1h
2025-09-07 01:00:00+00:00,110356.74,110587.86,110332.81,110546.66,251.76683,binance,BTCUSDT,1h
2025-09-07 02:00:00+00:00,110546.66,110692.52,110444.43,110666.24,231.20078,binance,BTCUSDT,1h
2025-09-07 03:00:00+00:00,110666.24,110733.12,110596.71,110629.15,191.54953,binance,BTCUSDT,1h
2025-09-07 04:00:00+00:00,110629.15,110638.0,110489.96,110557.76,140.43398,binance,BTCUSDT,1h
2025-09-07 05:00:00+00:00,110557.77,110699.0,110557.76,110649.44,163.57402,binance,BTCUSDT,1h
2025-09-07 06:00:00+00:00,110649.45,110665.35,110472.33,110504.15,195.71662,binance,BTCUSDT,1h
2025-09-07 07:00:00+00:00,110504.14,110911.42,110463.1,110753.42,373.02249,binance,BTCUSDT,1h
2025-09-07 08:00:00+00:00,110753.41,111377.19,110720.01,111071.25,524.25884,binance,BTCUSDT,1h
2025-09-07 09:00:00+00:00,111071.25,111248.2,110876.88,111115.98,305.63775,binance,BTCUSDT,1h
2025-09-07 10:00:00+00:00,111115.99,111237.97,111041.87,111225.02,152.81384,binance,BTCUSDT,1h
2025-09-07 11:00:00+00:00,111225.03,111292.13,111189.75,111292.13,231.70263,binance,BTCUSDT,1h
2025-09-07 12:00:00+00:00,111292.12,111412.0,111042.6,111329.99,837.52385,binance,BTCUSDT,4h
2025-09-07 13:00:00+00:00,111115.92,111231.6,111042.6,111214.62,159.77105,binance,BTCUSDT,1h
2025-09-07 14:00:00+00:00,111214.63,111412.0,111059.57,111145.59,337.64277,binance,BTCUSDT,1h
2025-09-07 15:00:00+00:00,111145.59,111373.43,111120.56,111329.99,168.21133,binance,BTCUSDT,1h
2025-09-07 16:00:00+00:00,111329.99,111371.35,110861.2,111259.99,940.48526,binance,BTCUSDT,4h
2025-09-07 17:00:00+00:00,111202.02,111237.86,110888.07,110962.83,326.82203,binance,BTCUSDT,1h
2025-09-07 18:00:00+00:00,110962.84,111063.0,110861.2,111053.76,219.80123,binance,BTCUSDT,1h
2025-09-07 19:00:00+00:00,111053.77,111293.99,111049.05,111259.99,169.95303,binance,BTCUSDT,1h
2025-09-07 20:00:00+00:00,111259.99,111371.26,111147.25,111330.3,178.99404,binance,BTCUSDT,1h
2025-09-07 21:00:00+00:00,111330.31,111330.31,111050.14,111050.14,82.99122,binance,BTCUSDT,1h
2025-09-07 22:00:00+00:00,111050.14,111364.4,111001.45,111250.01,270.95197,binance,BTCUSDT,1h
2025-09-07 23:00:00+00:00,111250.01,111600.0,111076.92,111137.34,334.55501,binance,BTCUSDT,1h
2025-09-08 00:00:00+00:00,111137.35,112924.37,110621.78,112065.23,11582.40211,binance,BTCUSDT,1d
2025-09-08 01:00:00+00:00,110837.95,110994.58,110731.71,110890.57,352.25138,binance,BTCUSDT,1h
2025-09-08 02:00:00+00:00,110890.58,111372.0,110621.78,111240.0,364.1088,binance,BTCUSDT,1h
2025-09-08 03:00:00+00:00,111239.99,111349.24,111026.91,111052.11,431.56519,binance,BTCUSDT,1h
2025-09-08 04:00:00+00:00,111052.11,111609.04,110899.69,111280.39,1330.12513,binance,BTCUSDT,4h
2025-09-08 05:00:00+00:00,110979.35,111061.05,110899.69,111027.16,189.25665,binance,BTCUSDT,1h
2025-09-08 06:00:00+00:00,111027.15,111197.86,110917.45,111113.26,156.58167,binance,BTCUSDT,1h
2025-09-08 07:00:00+00:00,111113.26,111609.04,111113.25,111280.39,665.8032,binance,BTCUSDT,1h
2025-09-08 08:00:00+00:00,111280.4,111910.48,111252.9,111684.25,867.092,binance,BTCUSDT,1h
2025-09-08 09:00:00+00:00,111684.26,112095.0,111591.06,112094.99,695.25367,binance,BTCUSDT,1h
2025-09-08 10:00:00+00:00,112094.99,112186.98,111920.89,112048.0,648.82485,binance,BTCUSDT,1h
2025-09-08 11:00:00+00:00,112048.0,112121.59,111754.31,112052.43,512.51734,binance,BTCUSDT,1h
2025-09-08 12:00:00+00:00,112052.43,112153.9,111934.24,112034.51,293.01193,binance,BTCUSDT,1h
2025-09-08 13:00:00+00:00,112034.5,112370.3,111877.64,111906.55,1120.28751,binance,BTCUSDT,1h
2025-09-08 14:00:00+00:00,111906.56,112779.5,111888.0,112645.05,989.95574,binance,BTCUSDT,1h
2025-09-08 15:00:00+00:00,112645.06,112924.37,112526.61,112631.75,614.9683,binance,BTCUSDT,1h
2025-09-08 16:00:00+00:00,112631.74,112670.06,111978.67,112097.31,1681.81458,binance,BTCUSDT,4h
2025-09-08 17:00:00+00:00,112398.01,112531.6,112075.2,112214.4,461.27895,binance,BTCUSDT,1h
2025-09-08 18:00:00+00:00,112214.41,112515.59,112184.97,112477.01,296.32443,binance,BTCUSDT,1h
2025-09-08 19:00:00+00:00,112477.01,112477.01,111978.67,112097.31,430.27796,binance,BTCUSDT,1h
2025-09-08 20:00:00+00:00,112097.31,112153.07,111896.0,111958.04,288.87626,binance,BTCUSDT,1h
2025-09-08 21:00:00+00:00,111958.04,112331.32,111930.73,112326.45,273.5437,binance,BTCUSDT,1h
2025-09-08 22:00:00+00:00,112326.45,112512.71,112210.91,112236.71,274.21823,binance,BTCUSDT,1h
2025-09-08 23:00:00+00:00,112236.71,112305.03,111989.0,112065.23,290.44202,binance,BTCUSDT,1h
2025-09-09 00:00:00+00:00,112065.23,113293.29,110766.66,111546.39,15379.28248,binance,BTCUSDT,1d
2025-09-09 01:00:00+00:00,111650.03,111748.54,111258.3,111364.73,520.52157,binance,BTCUSDT,1h
2025-09-09 02:00:00+00:00,111364.73,111442.95,111111.0,111330.71,536.02045,binance,BTCUSDT,1h
2025-09-09 03:00:00+00:00,111330.72,111740.61,111234.16,111708.0,314.74637,binance,BTCUSDT,1h
2025-09-09 04:00:00+00:00,111708.01,113293.29,111624.12,112991.11,2906.5944,binance,BTCUSDT,4h
2025-09-09 05:00:00+00:00,112024.01,112248.84,111851.52,112200.0,298.70562,binance,BTCUSDT,1h
2025-09-09 06:00:00+00:00,112200.01,113156.65,112151.16,113022.61,1080.72151,binance,BTCUSDT,1h
2025-09-09 07:00:00+00:00,113022.62,113293.29,112753.61,112991.11,978.74308,binance,BTCUSDT,1h
2025-09-09 08:00:00+00:00,112991.11,113176.51,112403.91,112433.59,1848.92022,binance,BTCUSDT,4h
2025-09-09 09:00:00+00:00,112992.69,113057.99,112900.0,112966.54,367.43684,binance,BTCUSDT,1h
2025-09-09 10:00:00+00:00,112966.54,113040.0,112635.38,112732.62,631.93421,binance,BTCUSDT,1h
2025-09-09 11:00:00+00:00,112732.62,112800.0,112403.91,112433.59,325.19749,binance,BTCUSDT,1h
2025-09-09 12:00:00+00:00,112433.59,112824.0,112393.4,112671.76,397.08345,binance,BTCUSDT,1h
2025-09-09 13:00:00+00:00,112671.76,112932.18,112470.18,112760.58,656.61339,binance,BTCUSDT,1h
2025-09-09 14:00:00+00:00,112760.58,112950.0,111511.11,111767.45,1958.50565,binance,BTCUSDT,1h
2025-09-09 15:00:00+00:00,111767.45,111847.23,110766.66,110880.76,1649.92992,binance,BTCUSDT,1h
2025-09-09 16:00:00+00:00,110880.76,111388.04,110788.0,111301.53,2121.49527,binance,BTCUSDT,4h
2025-09-09 17:00:00+00:00,110975.99,111193.39,110898.28,111025.44,539.75817,binance,BTCUSDT,1h
2025-09-09 18:00:00+00:00,111025.43,111298.16,110900.02,111131.92,495.6204,binance,BTCUSDT,1h
2025-09-09 19:00:00+00:00,111131.92,111388.04,111124.17,111301.53,277.49178,binance,BTCUSDT,1h
2025-09-09 20:00:00+00:00,111301.53,111530.16,111090.07,111530.16,761.02989,binance,BTCUSDT,1h
2025-09-09 21:00:00+00:00,111530.15,111745.69,111270.75,111299.61,463.86358,binance,BTCUSDT,1h
2025-09-09 22:00:00+00:00,111299.61,111630.31,111266.11,111556.16,207.57487,binance,BTCUSDT,1h
2025-09-09 23:00:00+00:00,111556.15,111583.81,111362.94,111546.39,315.90146,binance,BTCUSDT,1h
2025-09-10 00:00:00+00:00,111546.38,111572.57,110942.33,111010.46,490.88671,binance,BTCUSDT,1h
2025-09-10 01:00:00+00:00,111010.47,111224.53,110917.45,111005.64,419.72999,binance,BTCUSDT,1h
2025-09-10 02:00:00+00:00,111005.63,111551.04,111005.63,111411.13,492.50873,binance,BTCUSDT,1h
2025-09-10 03:00:00+00:00,111411.13,111586.26,111372.08,111545.88,263.91729,binance,BTCUSDT,1h
2025-09-10 04:00:00+00:00,111545.88,111647.38,111410.83,111520.43,304.12835,binance,BTCUSDT,1h
2025-09-10 05:00:00+00:00,111520.43,111729.65,111372.42,111577.31,436.99878,binance,BTCUSDT,1h
2025-09-10 06:00:00+00:00,111577.31,111969.57,111396.08,111792.33,503.80753,binance,BTCUSDT,1h
2025-09-10 07:00:00+00:00,111792.34,112602.35,111760.69,112553.65,1232.32394,binance,BTCUSDT,1h
2025-09-10 08:00:00+00:00,112553.65,112859.8,112097.2,112299.99,2579.59736,binance,BTCUSDT,4h
2025-09-10 09:00:00+00:00,112370.07,112428.29,112097.2,112274.29,619.63175,binance,BTCUSDT,1h
2025-09-10 10:00:00+00:00,112274.29,112422.63,112199.19,112270.01,532.10538,binance,BTCUSDT,1h
2025-09-10 11:00:00+00:00,112270.0,112409.49,112148.49,112299.99,422.47932,binance,BTCUSDT,1h
2025-09-10 12:00:00+00:00,112300.0,114313.13,112299.99,113853.99,6630.72074,binance,BTCUSDT,4h
2025-09-10 13:00:00+00:00,113413.5,114313.13,113384.61,113952.0,2112.22655,binance,BTCUSDT,1h
2025-09-10 14:00:00+00:00,113951.99,114295.63,113802.14,113899.99,1035.28455,binance,BTCUSDT,1h
2025-09-10 15:00:00+00:00,113900.0,114095.66,113723.21,113853.99,682.44215,binance,BTCUSDT,1h
2025-09-10 16:00:00+00:00,113853.99,114074.46,113155.03,113574.52,2628.46871,binance,BTCUSDT,4h
2025-09-10 17:00:00+00:00,113759.88,114074.46,113415.2,113738.01,617.65367,binance,BTCUSDT,1h
2025-09-10 18:00:00+00:00,113738.01,113896.94,113347.39,113584.85,688.96812,binance,BTCUSDT,1h
2025-09-10 19:00:00+00:00,113584.84,113617.09,113155.03,113574.52,744.45366,binance,BTCUSDT,1h
2025-09-10 20:00:00+00:00,113574.53,114025.78,113528.01,113960.0,1534.3301,binance,BTCUSDT,4h
2025-09-10 21:00:00+00:00,113566.4,113845.18,113528.01,113842.53,256.17247,binance,BTCUSDT,1h
2025-09-10 22:00:00+00:00,113842.54,113992.39,113713.63,113881.2,264.24584,binance,BTCUSDT,1h
2025-09-10 23:00:00+00:00,113881.21,114025.78,113788.0,113960.0,402.83522,binance,BTCUSDT,1h
2025-09-11 00:00:00+00:00,113960.0,115488.09,113430.0,115482.69,13676.73119,binance,BTCUSDT,1d
2025-09-11 01:00:00+00:00,113885.7,114176.66,113831.33,113903.23,380.8102,binance,BTCUSDT,1h
2025-09-11 02:00:00+00:00,113903.23,113953.99,113716.0,113819.02,230.50973,binance,BTCUSDT,1h
2025-09-11 03:00:00+00:00,113819.02,114434.23,113819.01,114400.01,552.73536,binance,BTCUSDT,1h
2025-09-11 04:00:00+00:00,114400.01,114459.65,113957.2,114083.58,1954.14285,binance,BTCUSDT,4h
2025-09-11 05:00:00+00:00,114158.29,114348.52,113966.46,114266.0,589.97492,binance,BTCUSDT,1h
2025-09-11 06:00:00+00:00,114266.0,114459.65,114076.92,114324.64,409.80916,binance,BTCUSDT,1h
2025-09-11 07:00:00+00:00,114324.65,114326.52,113957.2,114083.58,465.05247,binance,BTCUSDT,1h
2025-09-11 08:00:00+00:00,114083.58,114200.0,113776.0,113999.99,1512.60333,binance,BTCUSDT,4h
2025-09-11 09:00:00+00:00,114049.39,114075.11,113776.0,113895.29,430.23419,binance,BTCUSDT,1h
2025-09-11 10:00:00+00:00,113895.3,114119.4,113891.45,114062.32,373.92428,binance,BTCUSDT,1h
2025-09-11 11:00:00+00:00,114062.31,114112.0,113887.98,113999.99,400.8921,binance,BTCUSDT,1h
2025-09-11 12:00:00+00:00,113999.99,114500.0,113500.0,113975.99,2372.1547,binance,BTCUSDT,1h
2025-09-11 13:00:00+00:00,113975.99,114715.02,113430.0,114628.08,1458.85001,binance,BTCUSDT,1h
2025-09-11 14:00:00+00:00,114630.06,114667.45,113927.6,114463.73,759.30317,binance,BTCUSDT,1h
2025-09-11 15:00:00+00:00,114463.73,114699.25,113996.19,114180.31,553.38549,binance,BTCUSDT,1h
2025-09-11 16:00:00+00:00,114180.32,114588.98,114180.31,114487.53,300.34694,binance,BTCUSDT,1h
2025-09-11 17:00:00+00:00,114487.53,114593.29,114328.52,114589.84,372.57383,binance,BTCUSDT,1h
2025-09-11 18:00:00+00:00,114589.84,114605.54,114102.0,114312.35,416.47348,binance,BTCUSDT,1h
2025-09-11 19:00:00+00:00,114312.35,114525.0,114182.04,114419.99,348.31986,binance,BTCUSDT,1h
2025-09-11 20:00:00+00:00,114420.0,114487.53,114246.04,114395.99,308.36329,binance,BTCUSDT,1h
2025-09-11 21:00:00+00:00,114395.98,114517.6,114395.98,114482.69,190.78211,binance,BTCUSDT,1h
2025-09-11 22:00:00+00:00,114482.7,115266.45,114435.63,115084.0,1104.63013,binance,BTCUSDT,1h
2025-09-11 23:00:00+00:00,115084.01,115488.09,115084.0,115482.69,428.17321,binance,BTCUSDT,1h
2025-09-12 00:00:00+00:00,115482.69,116331.81,115420.87,115840.69,1835.12528,binance,BTCUSDT,1h
2025-09-12 01:00:00+00:00,115840.69,116016.91,115371.13,115377.29,774.94414,binance,BTCUSDT,1h
2025-09-12 02:00:00+00:00,115377.29,115663.05,115256.64,115391.0,535.95115,binance,BTCUSDT,1h
2025-09-12 03:00:00+00:00,115391.0,115429.46,115045.45,115194.14,556.98098,binance,BTCUSDT,1h
2025-09-12 04:00:00+00:00,115194.14,115656.87,115086.7,115086.7,1630.41759,binance,BTCUSDT,4h
2025-09-12 05:00:00+00:00,115360.0,115656.87,115320.27,115612.84,397.97519,binance,BTCUSDT,1h
2025-09-12 06:00:00+00:00,115612.84,115612.85,115260.38,115318.0,301.68688,binance,BTCUSDT,1h
2025-09-12 07:00:00+00:00,115318.01,115405.79,115086.7,115086.7,495.74469,binance,BTCUSDT,1h
2025-09-12 08:00:00+00:00,115086.7,115273.12,114950.0,115048.0,931.11012,binance,BTCUSDT,1h
2025-09-12 09:00:00+00:00,115047.99,115127.05,114888.01,115048.01,372.62834,binance,BTCUSDT,1h
2025-09-12 10:00:00+00:00,115048.0,115093.49,114926.42,114980.85,227.81735,binance,BTCUSDT,1h
2025-09-12 11:00:00+00:00,114980.84,115148.0,114901.03,114913.45,427.23394,binance,BTCUSDT,1h
2025-09-12 12:00:00+00:00,114913.45,115172.57,114740.99,115083.97,620.574,binance,BTCUSDT,1h
2025-09-12 13:00:00+00:00,115083.98,115214.29,114822.77,115166.45,371.74126,binance,BTCUSDT,1h
2025-09-12 14:00:00+00:00,115166.46,115500.95,114865.3,115260.0,719.98267,binance,BTCUSDT,1h
2025-09-12 15:00:00+00:00,115260.0,115294.1,114939.53,115121.18,329.84108,binance,BTCUSDT,1h
2025-09-12 16:00:00+00:00,115121.18,115514.77,115030.3,115495.56,536.60395,binance,BTCUSDT,1h
2025-09-12 17:00:00+00:00,115495.56,115939.39,115395.66,115815.16,944.1093,binance,BTCUSDT,1h
2025-09-12 18:00:00+00:00,115815.16,116495.0,115769.88,116486.18,1014.39133,binance,BTCUSDT,1h
2025-09-12 19:00:00+00:00,116486.19,116665.63,116238.64,116632.51,1368.73979,binance,BTCUSDT,1h
2025-09-12 20:00:00+00:00,116632.51,116632.51,115974.0,116157.33,898.27059,binance,BTCUSDT,1h
2025-09-12 21:00:00+00:00,116157.34,116157.34,115752.68,115865.89,385.45605,binance,BTCUSDT,1h
2025-09-12 22:00:00+00:00,115865.89,116360.43,115865.89,116027.46,494.01734,binance,BTCUSDT,1h
2025-09-12 23:00:00+00:00,116027.46,116161.37,115929.06,116029.42,348.17094,binance,BTCUSDT,1h
2025-09-13 00:00:00+00:00,116029.41,116298.78,115959.59,116209.32,476.47907,binance,BTCUSDT,1h
2025-09-13 01:00:00+00:00,116209.32,116275.81,115576.26,115764.3,632.36146,binance,BTCUSDT,1h
2025-09-13 02:00:00+00:00,115764.3,115991.29,115686.47,115886.17,322.19761,binance,BTCUSDT,1h
2025-09-13 03:00:00+00:00,115886.16,116012.91,115837.98,115957.0,823.27412,binance,BTCUSDT,1h
2025-09-13 04:00:00+00:00,115957.0,115957.01,115657.81,115778.71,1062.2047,binance,BTCUSDT,4h
2025-09-13 05:00:00+00:00,115698.4,115845.46,115657.81,115704.04,253.6123,binance,BTCUSDT,1h
2025-09-13 06:00:00+00:00,115704.03,115802.16,115662.2,115749.99,251.18163,binance,BTCUSDT,1h
2025-09-13 07:00:00+00:00,115750.0,115855.89,115702.39,115778.71,242.78688,binance,BTCUSDT,1h
2025-09-13 08:00:00+00:00,115778.72,116056.17,115767.33,115978.01,351.87471,binance,BTCUSDT,1h
2025-09-13 09:00:00+00:00,115978.01,116038.14,115871.26,116035.33,294.98775,binance,BTCUSDT,1h
2025-09-13 10:00:00+00:00,116035.32,116166.71,115916.41,115937.99,318.28855,binance,BTCUSDT,1h
2025-09-13 11:00:00+00:00,115937.99,116005.82,115888.0,115974.11,263.75402,binance,BTCUSDT,1h
2025-09-13 12:00:00+00:00,115974.11,116060.0,115603.98,115768.68,1373.33567,binance,BTCUSDT,4h
2025-09-13 13:00:00+00:00,116002.91,116002.91,115621.65,115761.05,440.12472,binance,BTCUSDT,1h
2025-09-13 14:00:00+00:00,115761.06,115950.0,115603.98,115797.68,438.72685,binance,BTCUSDT,1h
2025-09-13 15:00:00+00:00,115797.67,115924.6,115619.57,115768.68,290.44971,binance,BTCUSDT,1h
2025-09-13 16:00:00+00:00,115768.68,115817.37,115127.27,115797.12,1589.96184,binance,BTCUSDT,4h
2025-09-13 17:00:00+00:00,115333.99,115587.49,115180.0,115571.78,465.25625,binance,BTCUSDT,1h
2025-09-13 18:00:00+00:00,115571.79,115653.26,115433.09,115633.92,160.49564,binance,BTCUSDT,1h
2025-09-13 19:00:00+00:00,115633.91,115800.88,115570.78,115797.12,263.39165,binance,BTCUSDT,1h
2025-09-13 20:00:00+00:00,115797.12,115991.29,115797.11,115918.29,760.68444,binance,BTCUSDT,4h
2025-09-13 21:00:00+00:00,115905.88,115972.52,115839.98,115895.39,234.38734,binance,BTCUSDT,1h
2025-09-13 22:00:00+00:00,115895.4,115944.64,115809.9,115871.58,159.45156,binance,BTCUSDT,1h
2025-09-13 23:00:00+00:00,115871.58,115979.99,115861.39,115918.29,146.1408,binance,BTCUSDT,1h
2025-09-14 00:00:00+00:00,115918.29,116000.0,115815.13,115935.6,153.28277,binance,BTCUSDT,1h
2025-09-14 01:00:00+00:00,115935.61,115990.2,115744.67,115962.93,185.94891,binance,BTCUSDT,1h
2025-09-14 02:00:00+00:00,115962.92,116109.0,115750.0,115852.95,267.49819,binance,BTCUSDT,1h
2025-09-14 03:00:00+00:00,115852.95,115869.99,115651.99,115679.98,272.91216,binance,BTCUSDT,1h
2025-09-14 04:00:00+00:00,115679.99,115936.0,115449.59,115805.39,914.78349,binance,BTCUSDT,4h
2025-09-14 05:00:00+00:00,115751.0,115924.69,115735.58,115860.01,258.07375,binance,BTCUSDT,1h
2025-09-14 06:00:00+00:00,115860.01,115936.0,115693.95,115734.23,196.84102,binance,BTCUSDT,1h
2025-09-14 07:00:00+00:00,115734.24,115838.41,115734.23,115805.39,212.00183,binance,BTCUSDT,1h
2025-09-14 08:00:00+00:00,115805.39,116165.19,115748.78,115794.91,840.40714,binance,BTCUSDT,4h
2025-09-14 09:00:00+00:00,115933.4,116165.19,115905.88,116052.09,271.65824,binance,BTCUSDT,1h
2025-09-14 10:00:00+00:00,116052.1,116132.85,115955.57,116027.26,156.38468,binance,BTCUSDT,1h
2025-09-14 11:00:00+00:00,116027.25,116100.0,115748.78,115794.91,275.05839,binance,BTCUSDT,1h
2025-09-14 12:00:00+00:00,115794.92,115878.49,115662.62,115776.31,316.9787,binance,BTCUSDT,1h
2025-09-14 13:00:00+00:00,115776.31,115776.32,115217.01,115348.1,617.50773,binance,BTCUSDT,1h
2025-09-14 14:00:00+00:00,115348.1,115691.04,115141.8,115401.75,750.31099,binance,BTCUSDT,1h
2025-09-14 15:00:00+00:00,115401.75,115419.1,115200.4,115224.01,351.71527,binance,BTCUSDT,1h
2025-09-14 16:00:00+00:00,115224.01,115540.0,115193.9,115480.0,284.25459,binance,BTCUSDT,1h
2025-09-14 17:00:00+00:00,115480.0,115657.5,115413.46,115557.65,290.60711,binance,BTCUSDT,1h
2025-09-14 18:00:00+00:00,115557.65,115557.66,115375.05,115388.21,161.60603,binance,BTCUSDT,1h
2025-09-14 19:00:00+00:00,115388.21,115635.0,115330.99,115634.99,132.66154,binance,BTCUSDT,1h
2025-09-14 20:00:00+00:00,115634.99,116087.35,115135.0,115268.01,1167.12735,binance,BTCUSDT,4h
2025-09-14 21:00:00+00:00,115802.16,116087.35,115607.99,116058.88,349.40859,binance,BTCUSDT,1h
2025-09-14 22:00:00+00:00,116059.48,116076.89,115810.22,116009.61,262.34337,binance,BTCUSDT,1h
2025-09-14 23:00:00+00:00,116009.62,116009.62,115135.0,115268.01,439.25947,binance,BTCUSDT,1h
2025-09-15 00:00:00+00:00,115268.01,116757.99,114384.0,115349.71,13212.51149,binance,BTCUSDT,1d
2025-09-15 01:00:00+00:00,115071.32,115283.5,114825.0,115231.69,362.37165,binance,BTCUSDT,1h
2025-09-15 02:00:00+00:00,115231.69,115443.29,115214.55,115362.35,184.52455,binance,BTCUSDT,1h
2025-09-15 03:00:00+00:00,115362.35,115594.9,115347.91,115445.45,223.493,binance,BTCUSDT,1h
2025-09-15 04:00:00+00:00,115445.46,116757.99,115400.0,115806.62,2645.45158,binance,BTCUSDT,4h
2025-09-15 05:00:00+00:00,116058.01,116583.47,116019.05,116520.0,781.40763,binance,BTCUSDT,1h
2025-09-15 06:00:00+00:00,116519.13,116757.99,116043.01,116129.99,559.85108,binance,BTCUSDT,1h
2025-09-15 07:00:00+00:00,116130.0,116400.0,115626.96,115806.62,605.7335,binance,BTCUSDT,1h
2025-09-15 08:00:00+00:00,115806.62,115806.62,114625.87,115070.0,3497.27876,binance,BTCUSDT,4h
2025-09-15 09:00:00+00:00,114737.28,115188.0,114625.87,114868.59,1072.97754,binance,BTCUSDT,1h
2025-09-15 10:00:00+00:00,114868.6,114954.83,114720.69,114769.04,532.63649,binance,BTCUSDT,1h
2025-09-15 11:00:00+00:00,114769.03,115195.86,114740.97,115070.0,565.80309,binance,BTCUSDT,1h
2025-09-15 12:00:00+00:00,115070.01,115074.51,114671.75,114721.04,599.02223,binance,BTCUSDT,1h
2025-09-15 13:00:00+00:00,114721.03,115099.0,114384.0,114664.08,1056.42151,binance,BTCUSDT,1h
2025-09-15 14:00:00+00:00,114664.07,115029.81,114450.28,114679.56,775.27929,binance,BTCUSDT,1h
2025-09-15 15:00:00+00:00,114679.55,114909.4,114404.43,114842.9,564.69333,binance,BTCUSDT,1h
2025-09-15 16:00:00+00:00,114842.9,115570.0,114600.0,115307.78,1872.69025,binance,BTCUSDT,4h
2025-09-15 17:00:00+00:00,114662.58,115130.0,114600.0,115120.03,284.01648,binance,BTCUSDT,1h
2025-09-15 18:00:00+00:00,115120.02,115360.54,114904.16,115307.79,538.96072,binance,BTCUSDT,1h
2025-09-15 19:00:00+00:00,115307.79,115570.0,114975.66,115307.78,685.41151,binance,BTCUSDT,1h
2025-09-15 20:00:00+00:00,115307.78,115515.41,115200.07,115379.99,325.59706,binance,BTCUSDT,1h
2025-09-15 21:00:00+00:00,115380.0,115538.55,115283.49,115528.0,170.93694,binance,BTCUSDT,1h
2025-09-15 22:00:00+00:00,115528.0,115605.07,115221.68,115288.01,235.69782,binance,BTCUSDT,1h
2025-09-15 23:00:00+00:00,115288.01,115476.0,115232.58,115349.71,177.94328,binance,BTCUSDT,1h
2025-09-16 00:00:00+00:00,115349.71,116964.27,114737.11,116788.96,10926.9094,binance,BTCUSDT,1d
2025-09-16 01:00:00+00:00,115088.66,115520.0,115008.69,115024.24,232.3498,binance,BTCUSDT,1h
2025-09-16 02:00:00+00:00,115024.24,115227.51,115024.23,115034.47,151.83383,binance,BTCUSDT,1h
2025-09-16 03:00:00+00:00,115034.48,115426.49,115034.44,115307.25,236.03187,binance,BTCUSDT,1h
2025-09-16 04:00:00+00:00,115307.26,115560.01,114930.0,115503.01,446.01382,binance,BTCUSDT,1h
2025-09-16 05:00:00+00:00,115503.02,115957.23,115454.3,115936.65,685.43114,binance,BTCUSDT,1h
2025-09-16 06:00:00+00:00,115936.65,116009.62,115591.57,115770.35,449.53079,binance,BTCUSDT,1h
2025-09-16 07:00:00+00:00,115770.36,115886.17,115724.41,115840.0,319.02367,binance,BTCUSDT,1h
2025-09-16 08:00:00+00:00,115839.99,115981.17,115526.5,115658.76,463.00777,binance,BTCUSDT,1h
2025-09-16 09:00:00+00:00,115658.76,115720.0,115443.65,115477.27,286.71309,binance,BTCUSDT,1h
2025-09-16 10:00:00+00:00,115477.28,115590.49,115372.35,115372.46,292.6133,binance,BTCUSDT,1h
2025-09-16 11:00:00+00:00,115372.47,115431.52,115206.15,115287.83,303.19825,binance,BTCUSDT,1h
2025-09-16 12:00:00+00:00,115287.84,115460.2,115287.38,115439.36,296.84884,binance,BTCUSDT,1h
2025-09-16 13:00:00+00:00,115439.36,115558.06,114737.11,115200.0,1064.59506,binance,BTCUSDT,1h
2025-09-16 14:00:00+00:00,115200.0,115306.71,114811.0,115296.86,607.41382,binance,BTCUSDT,1h
2025-09-16 15:00:00+00:00,115296.86,115905.89,115010.66,115905.88,653.80057,binance,BTCUSDT,1h
2025-09-16 16:00:00+00:00,115905.88,116068.92,115608.28,116068.06,691.27604,binance,BTCUSDT,1h
2025-09-16 17:00:00+00:00,116068.05,116870.76,116056.99,116461.54,1252.39334,binance,BTCUSDT,1h
2025-09-16 18:00:00+00:00,116461.55,116776.66,116226.12,116418.86,486.09455,binance,BTCUSDT,1h
2025-09-16 19:00:00+00:00,116418.87,116820.0,116395.6,116800.12,525.61626,binance,BTCUSDT,1h
2025-09-16 20:00:00+00:00,116800.13,116964.27,116584.45,116788.96,1238.86273,binance,BTCUSDT,4h
2025-09-16 21:00:00+00:00,116839.47,116940.26,116584.45,116800.51,295.98351,binance,BTCUSDT,1h
2025-09-16 22:00:00+00:00,116800.51,116964.27,116694.73,116855.58,312.66858,binance,BTCUSDT,1h
2025-09-16 23:00:00+00:00,116855.58,116920.46,116632.0,116788.96,262.99472,binance,BTCUSDT,1h
2025-09-17 00:00:00+00:00,116788.96,116832.0,116560.0,116560.01,269.7236,binance,BTCUSDT,1h
2025-09-17 01:00:00+00:00,116560.01,116768.0,116516.92,116662.25,267.74519,binance,BTCUSDT,1h
2025-09-17 02:00:00+00:00,116662.25,117077.16,116556.52,116686.43,742.4537,binance,BTCUSDT,1h
2025-09-17 03:00:00+00:00,116686.43,116758.83,116371.81,116372.04,377.8305,binance,BTCUSDT,1h
2025-09-17 04:00:00+00:00,116372.05,116480.01,116160.22,116313.49,262.15716,binance,BTCUSDT,1h
2025-09-17 05:00:00+00:00,116313.5,117214.0,116313.49,117108.3,894.88999,binance,BTCUSDT,1h
2025-09-17 06:00:00+00:00,117108.31,117286.73,116970.41,117234.27,770.01131,binance,BTCUSDT,1h
2025-09-17 07:00:00+00:00,117234.28,117275.0,117125.78,117162.48,557.97471,binance,BTCUSDT,1h
2025-09-17 08:00:00+00:00,117162.48,117189.86,116253.27,116258.13,1655.0881,binance,BTCUSDT,4h
2025-09-17 09:00:00+00:00,116860.01,116860.01,116548.88,116550.01,380.39506,binance,BTCUSDT,1h
2025-09-17 10:00:00+00:00,116550.01,116604.26,116267.44,116359.14,356.93808,binance,BTCUSDT,1h
2025-09-17 11:00:00+00:00,116359.14,116383.87,116253.27,116258.13,282.02162,binance,BTCUSDT,1h
2025-09-17 12:00:00+00:00,116258.12,116516.93,115432.0,115875.32,2848.33061,binance,BTCUSDT,4h
2025-09-17 13:00:00+00:00,116204.94,116330.75,115905.88,116107.19,664.85629,binance,BTCUSDT,1h
2025-09-17 14:00:00+00:00,116107.18,116240.0,115432.0,115606.61,1214.53614,binance,BTCUSDT,1h
2025-09-17 15:00:00+00:00,115606.62,115886.17,115527.48,115875.32,581.89144,binance,BTCUSDT,1h
2025-09-17 16:00:00+00:00,115875.33,115875.33,115386.21,115640.77,659.4146,binance,BTCUSDT,1h
2025-09-17 17:00:00+00:00,115640.76,116288.27,115500.0,115504.48,696.96558,binance,BTCUSDT,1h
2025-09-17 18:00:00+00:00,115504.49,116333.33,114720.81,115226.93,3427.38872,binance,BTCUSDT,1h
2025-09-17 19:00:00+00:00,115226.93,115989.2,115068.33,115652.02,955.04331,binance,BTCUSDT,1h
2025-09-17 20:00:00+00:00,115652.02,116990.68,115307.33,116447.59,2369.22832,binance,BTCUSDT,4h
2025-09-17 21:00:00+00:00,115621.47,116120.0,115307.33,116038.39,336.05085,binance,BTCUSDT,1h
2025-09-17 22:00:00+00:00,116038.39,116823.72,116038.39,116559.69,741.17447,binance,BTCUSDT,1h
2025-09-17 23:00:00+00:00,116559.68,116990.68,116340.07,116447.59,836.73837,binance,BTCUSDT,1h
2025-09-18 00:00:00+00:00,116447.6,117900.0,116092.76,117073.53,11657.23365,binance,BTCUSDT,1d
2025-09-18 01:00:00+00:00,116350.65,116869.46,116340.0,116634.84,440.77649,binance,BTCUSDT,1h
2025-09-18 02:00:00+00:00,116634.84,116959.96,116429.55,116950.47,318.2136,binance,BTCUSDT,1h
2025-09-18 03:00:00+00:00,116950.46,117896.0,116896.93,117581.66,1879.7006,binance,BTCUSDT,1h
2025-09-18 04:00:00+00:00,117581.67,117750.0,117219.5,117605.16,612.3817,binance,BTCUSDT,1h
2025-09-18 05:00:00+00:00,117605.16,117605.16,117176.1,117273.36,340.19852,binance,BTCUSDT,1h
2025-09-18 06:00:00+00:00,117273.37,117338.05,116888.02,117102.43,474.42047,binance,BTCUSDT,1h
2025-09-18 07:00:00+00:00,117102.43,117208.0,117048.81,117086.01,362.6272,binance,BTCUSDT,1h
2025-09-18 08:00:00+00:00,117086.01,117413.04,117010.59,117063.4,1165.75229,binance,BTCUSDT,4h
2025-09-18 09:00:00+00:00,117229.58,117350.0,117107.57,117298.81,260.44715,binance,BTCUSDT,1h
2025-09-18 10:00:00+00:00,117298.82,117307.5,117078.72,117190.47,236.63641,binance,BTCUSDT,1h
2025-09-18 11:00:00+00:00,117190.48,117300.0,117013.77,117063.4,285.00282,binance,BTCUSDT,1h
2025-09-18 12:00:00+00:00,117063.41,117843.83,116977.59,117583.56,2416.33194,binance,BTCUSDT,4h
2025-09-18 13:00:00+00:00,117124.69,117655.55,117004.28,117432.04,647.0176,binance,BTCUSDT,1h
2025-09-18 14:00:00+00:00,117432.04,117843.83,117400.54,117640.54,711.59459,binance,BTCUSDT,1h
2025-09-18 15:00:00+00:00,117640.54,117705.51,117322.41,117583.56,808.09852,binance,BTCUSDT,1h
2025-09-18 16:00:00+00:00,117583.56,117900.0,117196.33,117450.21,1828.6235,binance,BTCUSDT,4h
2025-09-18 17:00:00+00:00,117565.59,117765.59,117418.45,117579.93,479.43176,binance,BTCUSDT,1h
2025-09-18 18:00:00+00:00,117579.94,117900.0,117512.11,117822.97,474.53821,binance,BTCUSDT,1h
2025-09-18 19:00:00+00:00,117822.98,117822.98,117196.33,117450.21,391.34362,binance,BTCUSDT,1h
2025-09-18 20:00:00+00:00,117450.21,117657.17,117337.95,117521.14,192.47211,binance,BTCUSDT,1h
2025-09-18 21:00:00+00:00,117521.14,117521.14,117299.21,117299.21,187.11636,binance,BTCUSDT,1h
2025-09-18 22:00:00+00:00,117299.21,117334.8,117027.34,117061.02,345.51742,binance,BTCUSDT,1h
2025-09-18 23:00:00+00:00,117061.02,117172.21,116612.03,117073.53,650.11136,binance,BTCUSDT,1h
2025-09-19 00:00:00+00:00,117073.53,117459.99,116871.61,116977.58,1326.38784,binance,BTCUSDT,4h
2025-09-19 01:00:00+00:00,117424.21,117459.99,117118.21,117241.32,268.6749,binance,BTCUSDT,1h
2025-09-19 02:00:00+00:00,117241.32,117285.99,117044.13,117112.8,395.51641,binance,BTCUSDT,1h
2025-09-19 03:00:00+00:00,117112.81,117291.01,116871.61,116977.58,333.32919,binance,BTCUSDT,1h
2025-09-19 04:00:00+00:00,116977.58,117100.0,116633.86,116909.97,1538.09106,binance,BTCUSDT,4h
2025-09-19 05:00:00+00:00,116990.65,117010.0,116780.75,116894.83,306.31482,binance,BTCUSDT,1h
2025-09-19 06:00:00+00:00,116894.83,116894.83,116633.86,116669.75,430.54942,binance,BTCUSDT,1h
2025-09-19 07:00:00+00:00,116669.76,116992.81,116665.0,116909.97,423.81384,binance,BTCUSDT,1h
2025-09-19 08:00:00+00:00,116909.98,117090.36,116300.0,116394.72,1243.82831,binance,BTCUSDT,4h
2025-09-19 09:00:00+00:00,116915.88,116979.86,116488.0,116488.0,361.47256,binance,BTCUSDT,1h
2025-09-19 10:00:00+00:00,116488.0,116551.54,116434.23,116532.68,289.26548,binance,BTCUSDT,1h
2025-09-19 11:00:00+00:00,116532.68,116554.05,116300.0,116394.72,309.23241,binance,BTCUSDT,1h
2025-09-19 12:00:00+00:00,116394.72,116529.08,116133.66,116162.45,488.73837,binance,BTCUSDT,1h
2025-09-19 13:00:00+00:00,116162.45,116465.35,116075.0,116284.64,435.12378,binance,BTCUSDT,1h
2025-09-19 14:00:00+00:00,116284.63,116479.11,115800.0,115899.99,846.39402,binance,BTCUSDT,1h
2025-09-19 15:00:00+00:00,115899.99,115952.95,115464.19,115884.03,887.61948,binance,BTCUSDT,1h
2025-09-19 16:00:00+00:00,115884.03,116136.0,115112.58,115125.12,1413.65495,binance,BTCUSDT,4h
2025-09-19 17:00:00+00:00,116088.68,116093.18,115538.67,115542.73,360.56628,binance,BTCUSDT,1h
2025-09-19 18:00:00+00:00,115542.73,115644.73,115382.98,115407.49,388.78402,binance,BTCUSDT,1h
2025-09-19 19:00:00+00:00,115407.49,115479.45,115112.58,115125.12,308.93231,binance,BTCUSDT,1h
2025-09-19 20:00:00+00:00,115125.13,115657.28,115100.0,115632.38,812.25284,binance,BTCUSDT,4h
2025-09-19 21:00:00+00:00,115342.56,115532.73,115306.07,115465.39,178.46294,binance,BTCUSDT,1h
2025-09-19 22:00:00+00:00,115465.39,115657.28,115465.39,115613.21,139.86142,binance,BTCUSDT,1h
2025-09-19 23:00:00+00:00,115613.21,115648.0,115448.01,115632.38,155.08032,binance,BTCUSDT,1h
2025-09-20 00:00:00+00:00,115632.39,116121.81,115408.47,115685.63,4674.92752,binance,BTCUSDT,1d
2025-09-20 01:00:00+00:00,115723.72,115723.73,115610.84,115623.51,178.50409,binance,BTCUSDT,1h
2025-09-20 02:00:00+00:00,115623.5,115623.51,115444.0,115606.39,154.74621,binance,BTCUSDT,1h
2025-09-20 03:00:00+00:00,115606.4,115606.4,115408.47,115445.0,162.93905,binance,BTCUSDT,1h
2025-09-20 04:00:00+00:00,115445.0,115985.2,115409.08,115968.56,759.46126,binance,BTCUSDT,4h
2025-09-20 05:00:00+00:00,115568.41,115717.5,115512.63,115717.49,224.42562,binance,BTCUSDT,1h
2025-09-20 06:00:00+00:00,115717.49,115724.34,115625.85,115700.46,159.86607,binance,BTCUSDT,1h
2025-09-20 07:00:00+00:00,115700.47,115985.2,115683.47,115968.56,231.14483,binance,BTCUSDT,1h
2025-09-20 08:00:00+00:00,115968.56,115968.57,115700.01,115701.43,183.70782,binance,BTCUSDT,1h
2025-09-20 09:00:00+00:00,115701.43,115794.39,115664.11,115672.8,196.19831,binance,BTCUSDT,1h
2025-09-20 10:00:00+00:00,115672.8,115798.16,115672.79,115747.54,170.36368,binance,BTCUSDT,1h
2025-09-20 11:00:00+00:00,115747.54,115909.54,115747.54,115894.06,242.77605,binance,BTCUSDT,1h
2025-09-20 12:00:00+00:00,115894.05,115950.89,115804.47,115874.49,155.45643,binance,BTCUSDT,1h
2025-09-20 13:00:00+00:00,115874.5,115951.96,115859.48,115915.8,123.96705,binance,BTCUSDT,1h
2025-09-20 14:00:00+00:00,115915.79,116036.0,115883.3,115970.36,209.62425,binance,BTCUSDT,1h
2025-09-20 15:00:00+00:00,115970.36,116121.81,115946.91,115986.69,347.86651,binance,BTCUSDT,1h
2025-09-20 16:00:00+00:00,115986.7,116057.24,115882.58,116027.94,226.24762,binance,BTCUSDT,1h
2025-09-20 17:00:00+00:00,116027.95,116079.46,115817.28,115821.72,189.06923,binance,BTCUSDT,1h
2025-09-20 18:00:00+00:00,115821.73,115821.73,115700.0,115711.51,191.99051,binance,BTCUSDT,1h
2025-09-20 19:00:00+00:00,115711.51,115812.62,115698.08,115702.0,290.9007,binance,BTCUSDT,1h
2025-09-20 20:00:00+00:00,115702.0,115789.57,115689.91,115721.1,163.21635,binance,BTCUSDT,1h
2025-09-20 21:00:00+00:00,115721.1,115944.7,115721.1,115786.31,200.3631,binance,BTCUSDT,1h
2025-09-20 22:00:00+00:00,115786.3,115796.54,115742.14,115776.06,169.22355,binance,BTCUSDT,1h
2025-09-20 23:00:00+00:00,115776.06,115776.06,115603.42,115685.63,137.43212,binance,BTCUSDT,1h
2025-09-21 00:00:00+00:00,115685.63,115819.06,115188.0,115232.29,4511.52219,binance,BTCUSDT,1d
2025-09-21 01:00:00+00:00,115660.01,115660.01,115500.0,115500.0,193.04313,binance,BTCUSDT,1h
2025-09-21 02:00:00+00:00,115500.01,115700.0,115441.83,115690.76,321.18986,binance,BTCUSDT,1h
2025-09-21 03:00:00+00:00,115690.76,115723.43,115616.38,115669.41,199.89426,binance,BTCUSDT,1h
2025-09-21 04:00:00+00:00,115669.42,115815.98,115487.56,115815.97,806.9398,binance,BTCUSDT,4h
2025-09-21 05:00:00+00:00,115494.23,115663.49,115487.56,115663.48,237.18676,binance,BTCUSDT,1h
2025-09-21 06:00:00+00:00,115663.48,115787.39,115663.48,115687.2,201.84931,binance,BTCUSDT,1h
2025-09-21 07:00:00+00:00,115687.21,115815.98,115615.0,115815.97,246.42642,binance,BTCUSDT,1h
2025-09-21 08:00:00+00:00,115815.98,115819.06,115560.94,115629.6,182.84602,binance,BTCUSDT,1h
2025-09-21 09:00:00+00:00,115629.6,115704.53,115329.03,115683.54,335.85586,binance,BTCUSDT,1h
2025-09-21 10:00:00+00:00,115683.53,115708.33,115504.13,115522.31,111.62025,binance,BTCUSDT,1h
2025-09-21 11:00:00+00:00,115522.31,115694.74,115522.31,115603.45,156.53082,binance,BTCUSDT,1h
2025-09-21 12:00:00+00:00,115603.45,115747.23,115473.19,115531.61,671.3204,binance,BTCUSDT,4h
2025-09-21 13:00:00+00:00,115683.59,115747.06,115645.2,115661.65,136.30562,binance,BTCUSDT,1h
2025-09-21 14:00:00+00:00,115661.65,115691.15,115500.0,115500.01,192.82816,binance,BTCUSDT,1h
2025-09-21 15:00:00+00:00,115500.0,115599.6,115473.19,115531.61,158.23691,binance,BTCUSDT,1h
2025-09-21 16:00:00+00:00,115531.62,115665.52,115209.02,115480.05,781.11646,binance,BTCUSDT,4h
2025-09-21 17:00:00+00:00,115316.01,115629.58,115249.94,115628.18,234.56593,binance,BTCUSDT,1h
2025-09-21 18:00:00+00:00,115628.19,115665.52,115513.98,115530.9,173.87321,binance,BTCUSDT,1h
2025-09-21 19:00:00+00:00,115530.89,115530.9,115318.02,115480.05,132.68903,binance,BTCUSDT,1h
2025-09-21 20:00:00+00:00,115480.05,115545.43,115188.0,115232.29,546.23336,binance,BTCUSDT,4h
2025-09-21 21:00:00+00:00,115307.52,115434.53,115250.01,115405.48,101.3744,binance,BTCUSDT,1h
2025-09-21 22:00:00+00:00,115405.48,115545.43,115188.0,115538.9,154.30721,binance,BTCUSDT,1h
2025-09-21 23:00:00+00:00,115538.91,115538.91,115200.0,115232.29,196.99668,binance,BTCUSDT,1h
2025-09-22 00:00:00+00:00,115232.29,115379.25,111800.0,112650.99,20781.71356,binance,BTCUSDT,1d
2025-09-22 01:00:00+00:00,114407.28,114750.0,114250.98,114273.45,660.65043,binance,BTCUSDT,1h
2025-09-22 02:00:00+00:00,114273.44,114618.89,114150.0,114187.81,895.13507,binance,BTCUSDT,1h
2025-09-22 03:00:00+00:00,114187.8,114654.36,114187.8,114649.89,326.66818,binance,BTCUSDT,1h
2025-09-22 04:00:00+00:00,114649.89,114649.9,114397.32,114433.53,208.01066,binance,BTCUSDT,1h
2025-09-22 05:00:00+00:00,114433.53,114551.8,113623.0,113691.19,753.79586,binance,BTCUSDT,1h
2025-09-22 06:00:00+00:00,113691.18,113698.38,111800.0,112800.77,5199.12797,binance,BTCUSDT,1h
2025-09-22 07:00:00+00:00,112800.77,112999.0,112476.17,112519.99,1129.8684,binance,BTCUSDT,1h
2025-09-22 08:00:00+00:00,112520.0,112780.0,112452.0,112629.07,810.01414,binance,BTCUSDT,1h
2025-09-22 09:00:00+00:00,112629.06,112662.87,112173.52,112336.62,1219.89658,binance,BTCUSDT,1h
2025-09-22 10:00:00+00:00,112336.62,112848.33,112262.22,112792.16,523.20588,binance,BTCUSDT,1h
2025-09-22 11:00:00+00:00,112792.16,112976.02,112683.49,112876.97,499.11385,binance,BTCUSDT,1h
2025-09-22 12:00:00+00:00,112876.97,112876.97,112520.0,112738.65,504.05132,binance,BTCUSDT,1h
2025-09-22 13:00:00+00:00,112738.64,113148.29,112380.0,113130.63,813.72754,binance,BTCUSDT,1h
2025-09-22 14:00:00+00:00,113130.63,113432.76,112754.15,112933.16,1386.14648,binance,BTCUSDT,1h
2025-09-22 15:00:00+00:00,112933.16,113024.23,112576.42,112815.5,609.57711,binance,BTCUSDT,1h
2025-09-22 16:00:00+00:00,112815.5,112888.0,111936.4,112122.9,2731.51753,binance,BTCUSDT,4h
2025-09-22 17:00:00+00:00,112600.69,112622.95,112250.89,112398.66,595.0948,binance,BTCUSDT,1h
2025-09-22 18:00:00+00:00,112398.65,112816.55,112345.54,112429.13,470.04903,binance,BTCUSDT,1h
2025-09-22 19:00:00+00:00,112429.12,112600.87,111936.4,112122.9,1307.37365,binance,BTCUSDT,1h
2025-09-22 20:00:00+00:00,112122.9,112977.41,111975.28,112650.99,1315.06971,binance,BTCUSDT,4h
2025-09-22 21:00:00+00:00,112781.87,112970.0,112602.79,112969.99,293.31156,binance,BTCUSDT,1h
2025-09-22 22:00:00+00:00,112969.99,112970.0,112594.33,112643.25,289.60715,binance,BTCUSDT,1h
2025-09-22 23:00:00+00:00,112643.25,112739.14,112592.2,112650.99,135.31095,binance,BTCUSDT,1h
2025-09-23 00:00:00+00:00,112650.99,112833.09,112385.23,112395.32,400.92095,binance,BTCUSDT,1h
2025-09-23 01:00:00+00:00,112395.32,112502.29,112138.88,112156.66,439.66589,binance,BTCUSDT,1h
2025-09-23 02:00:00+00:00,112156.66,112487.38,111674.0,111811.88,717.47413,binance,BTCUSDT,1h
2025-09-23 03:00:00+00:00,111811.88,112446.97,111478.0,112339.99,840.03485,binance,BTCUSDT,1h
2025-09-23 04:00:00+00:00,112339.99,113114.01,111876.15,113090.13,2504.81638,binance,BTCUSDT,4h
2025-09-23 05:00:00+00:00,112442.29,112894.49,112413.01,112665.44,645.16259,binance,BTCUSDT,1h
2025-09-23 06:00:00+00:00,112665.44,113111.89,112616.93,112974.96,574.99132,binance,BTCUSDT,1h
2025-09-23 07:00:00+00:00,112974.97,113114.01,112882.48,113090.13,754.18067,binance,BTCUSDT,1h
2025-09-23 08:00:00+00:00,113090.13,113281.5,112683.33,112975.99,1814.57634,binance,BTCUSDT,4h
2025-09-23 09:00:00+00:00,113133.84,113281.5,112888.0,112934.47,430.99222,binance,BTCUSDT,1h
2025-09-23 10:00:00+00:00,112934.48,113006.56,112828.62,112969.32,382.87944,binance,BTCUSDT,1h
2025-09-23 11:00:00+00:00,112969.32,113081.35,112683.33,112975.99,343.04129,binance,BTCUSDT,1h
2025-09-23 12:00:00+00:00,112975.99,113290.5,112496.61,112882.19,1948.83266,binance,BTCUSDT,4h
2025-09-23 13:00:00+00:00,112941.01,113024.31,112722.78,112952.31,426.02927,binance,BTCUSDT,1h
2025-09-23 14:00:00+00:00,112952.32,113290.5,112571.81,112652.91,713.09459,binance,BTCUSDT,1h
2025-09-23 15:00:00+00:00,112652.91,113072.89,112496.61,112882.19,466.71943,binance,BTCUSDT,1h
2025-09-23 16:00:00+00:00,112882.2,112958.58,112486.37,112823.63,531.06975,binance,BTCUSDT,1h
2025-09-23 17:00:00+00:00,112823.62,112823.62,111888.0,111957.76,587.62346,binance,BTCUSDT,1h
2025-09-23 18:00:00+00:00,111957.76,112200.0,111686.9,111780.1,710.40527,binance,BTCUSDT,1h
2025-09-23 19:00:00+00:00,111780.09,111979.27,111540.2,111655.29,565.08344,binance,BTCUSDT,1h
2025-09-23 20:00:00+00:00,111655.29,112220.54,111458.73,111998.8,1240.81718,binance,BTCUSDT,4h
2025-09-23 21:00:00+00:00,111985.78,112202.24,111893.44,112161.54,270.56814,binance,BTCUSDT,1h
2025-09-23 22:00:00+00:00,112161.53,112213.95,112002.16,112159.23,231.71626,binance,BTCUSDT,1h
2025-09-23 23:00:00+00:00,112159.24,112220.54,111879.73,111998.8,242.62314,binance,BTCUSDT,1h
2025-09-24 00:00:00+00:00,111998.8,112380.0,111816.86,112230.72,457.37128,binance,BTCUSDT,1h
2025-09-24 01:00:00+00:00,112230.73,112500.0,112140.0,112451.26,263.95045,binance,BTCUSDT,1h
2025-09-24 02:00:00+00:00,112451.25,112500.0,111896.43,112111.62,1045.64078,binance,BTCUSDT,1h
2025-09-24 03:00:00+00:00,112111.62,112223.15,111683.09,111683.09,1081.07058,binance,BTCUSDT,1h
2025-09-24 04:00:00+00:00,111683.1,112779.37,111042.66,112583.54,2905.68984,binance,BTCUSDT,4h
2025-09-24 05:00:00+00:00,112161.94,112666.74,112133.83,112636.84,480.95742,binance,BTCUSDT,1h
2025-09-24 06:00:00+00:00,112636.85,112779.37,112535.78,112596.69,508.56699,binance,BTCUSDT,1h
2025-09-24 07:00:00+00:00,112596.7,112742.06,112459.44,112583.54,538.1822,binance,BTCUSDT,1h
2025-09-24 08:00:00+00:00,112583.54,112636.85,112405.62,112622.8,369.32812,binance,BTCUSDT,1h
2025-09-24 09:00:00+00:00,112622.81,112837.42,112501.38,112735.06,247.34844,binance,BTCUSDT,1h
2025-09-24 10:00:00+00:00,112735.05,112960.0,112668.51,112941.98,402.84076,binance,BTCUSDT,1h
2025-09-24 11:00:00+00:00,112941.99,113162.17,112877.3,113029.46,548.21142,binance,BTCUSDT,1h
2025-09-24 12:00:00+00:00,113029.45,113097.99,112944.0,113070.69,272.77737,binance,BTCUSDT,1h
2025-09-24 13:00:00+00:00,113070.69,113222.69,112808.0,112823.62,578.33959,binance,BTCUSDT,1h
2025-09-24 14:00:00+00:00,112823.62,113890.0,112823.61,113720.64,966.18934,binance,BTCUSDT,1h
2025-09-24 15:00:00+00:00,113720.64,113883.68,113257.01,113346.41,717.74437,binance,BTCUSDT,1h
2025-09-24 16:00:00+00:00,113346.4,113940.0,113163.21,113420.01,1318.69585,binance,BTCUSDT,4h
2025-09-24 17:00:00+00:00,113732.01,113940.0,113616.0,113761.3,361.88913,binance,BTCUSDT,1h
2025-09-24 18:00:00+00:00,113761.31,113830.66,113512.53,113639.8,202.61449,binance,BTCUSDT,1h
2025-09-24 19:00:00+00:00,113639.8,113682.46,113292.25,113420.01,306.5127,binance,BTCUSDT,1h
2025-09-24 20:00:00+00:00,113420.0,113647.58,113204.71,113307.0,1194.06148,binance,BTCUSDT,4h
2025-09-24 21:00:00+00:00,113501.52,113584.02,113283.99,113339.63,274.44453,binance,BTCUSDT,1h
2025-09-24 22:00:00+00:00,113339.63,113647.58,113250.59,113336.33,268.57434,binance,BTCUSDT,1h
2025-09-24 23:00:00+00:00,113336.34,113429.12,113204.71,113307.0,417.66352,binance,BTCUSDT,1h
2025-09-25 00:00:00+00:00,113307.01,113510.23,112960.0,113062.35,567.08586,binance,BTCUSDT,1h
2025-09-25 01:00:00+00:00,113062.35,113369.98,112446.15,112661.24,1139.29698,binance,BTCUSDT,1h
2025-09-25 02:00:00+00:00,112661.24,113179.94,112510.06,112907.38,569.88139,binance,BTCUSDT,1h
2025-09-25 03:00:00+00:00,112907.38,112907.39,112214.74,112546.21,773.34995,binance,BTCUSDT,1h
2025-09-25 04:00:00+00:00,112546.22,112614.43,111450.42,111766.72,2930.2095,binance,BTCUSDT,4h
2025-09-25 05:00:00+00:00,111735.67,112040.0,111597.86,111749.91,705.54263,binance,BTCUSDT,1h
2025-09-25 06:00:00+00:00,111749.91,111843.3,111515.87,111533.26,371.96659,binance,BTCUSDT,1h
2025-09-25 07:00:00+00:00,111533.26,111883.23,111450.42,111766.72,515.14719,binance,BTCUSDT,1h
2025-09-25 08:00:00+00:00,111766.73,112031.18,111689.38,111727.21,537.9101,binance,BTCUSDT,1h
2025-09-25 09:00:00+00:00,111727.2,112246.46,111571.57,111571.58,771.79377,binance,BTCUSDT,1h
2025-09-25 10:00:00+00:00,111571.58,111854.12,111525.81,111648.19,434.41742,binance,BTCUSDT,1h
2025-09-25 11:00:00+00:00,111648.19,111728.48,111283.63,111348.0,543.64106,binance,BTCUSDT,1h
2025-09-25 12:00:00+00:00,111347.99,111656.81,111020.0,111111.0,1058.2697,binance,BTCUSDT,1h
2025-09-25 13:00:00+00:00,111111.01,111719.05,110629.99,111000.0,2220.16862,binance,BTCUSDT,1h
2025-09-25 14:00:00+00:00,111000.0,111729.52,110983.03,111540.0,856.73547,binance,BTCUSDT,1h
2025-09-25 15:00:00+00:00,111540.01,111587.75,110868.9,111580.77,599.58449,binance,BTCUSDT,1h
2025-09-25 16:00:00+00:00,111580.77,111672.58,110904.91,110957.29,585.10481,binance,BTCUSDT,1h
2025-09-25 17:00:00+00:00,110957.28,110968.4,108654.0,108833.63,2899.70308,binance,BTCUSDT,1h
2025-09-25 18:00:00+00:00,108833.63,109801.78,108631.51,109760.2,1427.42291,binance,BTCUSDT,1h
2025-09-25 19:00:00+00:00,109760.2,109973.4,109302.54,109360.0,1217.19366,binance,BTCUSDT,1h
2025-09-25 20:00:00+00:00,109360.0,109482.62,109057.06,109163.44,424.7182,binance,BTCUSDT,1h
2025-09-25 21:00:00+00:00,109163.45,109666.3,109074.11,109420.0,347.85454,binance,BTCUSDT,1h
2025-09-25 22:00:00+00:00,109420.0,109587.99,109261.02,109419.97,280.53982,binance,BTCUSDT,1h
2025-09-25 23:00:00+00:00,109419.97,109685.72,108765.0,108994.49,1046.26824,binance,BTCUSDT,1h
2025-09-26 00:00:00+00:00,108994.49,109798.84,108809.24,109580.01,2323.19574,binance,BTCUSDT,4h
2025-09-26 01:00:00+00:00,109472.12,109762.59,109313.17,109680.4,452.15578,binance,BTCUSDT,1h
2025-09-26 02:00:00+00:00,109680.39,109798.84,109487.26,109621.7,497.29551,binance,BTCUSDT,1h
2025-09-26 03:00:00+00:00,109621.7,109635.8,109293.25,109580.01,504.99021,binance,BTCUSDT,1h
2025-09-26 04:00:00+00:00,109580.0,109625.94,108913.0,109320.02,3055.89804,binance,BTCUSDT,4h
2025-09-26 05:00:00+00:00,109338.02,109579.99,109085.78,109252.79,371.75832,binance,BTCUSDT,1h
2025-09-26 06:00:00+00:00,109252.79,109624.16,109016.0,109360.0,592.34105,binance,BTCUSDT,1h
2025-09-26 07:00:00+00:00,109360.0,109593.49,108913.0,109320.02,1776.45411,binance,BTCUSDT,1h
2025-09-26 08:00:00+00:00,109320.02,109690.98,108620.07,109133.5,2675.46214,binance,BTCUSDT,4h
2025-09-26 09:00:00+00:00,109567.2,109690.98,109393.37,109568.72,441.33309,binance,BTCUSDT,1h
2025-09-26 10:00:00+00:00,109568.72,109568.72,108697.42,108895.0,735.10273,binance,BTCUSDT,1h
2025-09-26 11:00:00+00:00,108894.99,109200.0,108620.07,109133.5,923.24217,binance,BTCUSDT,1h
2025-09-26 12:00:00+00:00,109133.5,109779.73,108764.76,109027.78,3241.9244,binance,BTCUSDT,4h
2025-09-26 13:00:00+00:00,109372.68,109779.73,109000.0,109669.73,991.99403,binance,BTCUSDT,1h
2025-09-26 14:00:00+00:00,109669.72,109779.73,108764.76,108836.0,900.4525,binance,BTCUSDT,1h
2025-09-26 15:00:00+00:00,108836.0,109358.5,108802.04,109027.78,486.11543,binance,BTCUSDT,1h
2025-09-26 16:00:00+00:00,109027.79,110300.0,109027.78,109172.2,2093.42859,binance,BTCUSDT,4h
2025-09-26 17:00:00+00:00,109460.0,110000.0,109392.35,109899.99,627.01224,binance,BTCUSDT,1h
2025-09-26 18:00:00+00:00,109900.0,110300.0,109700.0,109727.99,571.22129,binance,BTCUSDT,1h
2025-09-26 19:00:00+00:00,109727.99,109727.99,109030.41,109172.2,603.81607,binance,BTCUSDT,1h
2025-09-26 20:00:00+00:00,109172.21,109687.69,109087.57,109643.46,853.107,binance,BTCUSDT,4h
2025-09-26 21:00:00+00:00,109288.45,109530.0,109189.17,109469.07,210.90009,binance,BTCUSDT,1h
2025-09-26 22:00:00+00:00,109469.07,109607.38,109348.0,109558.25,183.31873,binance,BTCUSDT,1h
2025-09-26 23:00:00+00:00,109558.24,109687.69,109432.07,109643.46,213.65814,binance,BTCUSDT,1h
2025-09-27 00:00:00+00:00,109643.46,109743.91,109324.42,109553.77,1041.65919,binance,BTCUSDT,4h
2025-09-27 01:00:00+00:00,109649.29,109657.45,109330.08,109431.92,230.21003,binance,BTCUSDT,1h
2025-09-27 02:00:00+00:00,109431.92,109482.64,109324.42,109408.18,280.63961,binance,BTCUSDT,1h
2025-09-27 03:00:00+00:00,109408.18,109743.91,109384.63,109553.77,262.25571,binance,BTCUSDT,1h
2025-09-27 04:00:00+00:00,109553.77,109742.27,109332.02,109411.2,908.84116,binance,BTCUSDT,4h
2025-09-27 05:00:00+00:00,109654.99,109684.29,109593.65,109635.72,128.97939,binance,BTCUSDT,1h
2025-09-27 06:00:00+00:00,109635.73,109635.73,109481.44,109541.36,241.06138,binance,BTCUSDT,1h
2025-09-27 07:00:00+00:00,109541.36,109570.36,109332.02,109411.2,290.72314,binance,BTCUSDT,1h
2025-09-27 08:00:00+00:00,109411.19,109411.2,109252.0,109252.01,379.23249,binance,BTCUSDT,1h
2025-09-27 09:00:00+00:00,109252.01,109347.59,109064.4,109292.73,409.97831,binance,BTCUSDT,1h
2025-09-27 10:00:00+00:00,109292.74,109477.69,109256.07,109431.7,322.59239,binance,BTCUSDT,1h
2025-09-27 11:00:00+00:00,109431.71,109440.65,109280.0,109310.21,244.4871,binance,BTCUSDT,1h
2025-09-27 12:00:00+00:00,109310.22,109477.59,109227.14,109400.05,336.07633,binance,BTCUSDT,1h
2025-09-27 13:00:00+00:00,109400.06,109412.14,109299.64,109306.61,336.77227,binance,BTCUSDT,1h
2025-09-27 14:00:00+00:00,109306.61,109387.51,109255.9,109287.89,273.62629,binance,BTCUSDT,1h
2025-09-27 15:00:00+00:00,109287.89,109427.4,109193.0,109402.24,204.90854,binance,BTCUSDT,1h
2025-09-27 16:00:00+00:00,109402.25,109427.76,109308.0,109389.04,176.55452,binance,BTCUSDT,1h
2025-09-27 17:00:00+00:00,109389.05,109410.0,109243.89,109382.47,183.15972,binance,BTCUSDT,1h
2025-09-27 18:00:00+00:00,109382.48,109434.99,109345.11,109434.96,154.7658,binance,BTCUSDT,1h
2025-09-27 19:00:00+00:00,109434.96,109440.0,109383.48,109424.2,76.33855,binance,BTCUSDT,1h
2025-09-27 20:00:00+00:00,109424.21,109435.0,109362.72,109390.0,60.18528,binance,BTCUSDT,1h
2025-09-27 21:00:00+00:00,109390.0,109483.55,109389.47,109474.99,119.69499,binance,BTCUSDT,1h
2025-09-27 22:00:00+00:00,109474.98,109699.98,109474.98,109605.62,175.35372,binance,BTCUSDT,1h
2025-09-27 23:00:00+00:00,109605.63,109683.16,109461.53,109635.85,97.55978,binance,BTCUSDT,1h
2025-09-28 00:00:00+00:00,109635.85,112350.0,109189.99,112163.95,7542.3316,binance,BTCUSDT,1d
2025-09-28 01:00:00+00:00,109607.81,109654.85,109325.05,109353.67,221.5149,binance,BTCUSDT,1h
2025-09-28 02:00:00+00:00,109353.68,109535.0,109353.67,109447.55,194.54739,binance,BTCUSDT,1h
2025-09-28 03:00:00+00:00,109447.54,109535.0,109409.17,109436.0,123.06023,binance,BTCUSDT,1h
2025-09-28 04:00:00+00:00,109436.0,109537.8,109260.0,109513.06,569.05076,binance,BTCUSDT,4h
2025-09-28 05:00:00+00:00,109365.9,109398.0,109356.42,109356.43,124.07352,binance,BTCUSDT,1h
2025-09-28 06:00:00+00:00,109356.44,109455.97,109260.0,109410.0,167.02015,binance,BTCUSDT,1h
2025-09-28 07:00:00+00:00,109410.0,109537.8,109350.0,109513.06,178.6647,binance,BTCUSDT,1h
2025-09-28 08:00:00+00:00,109513.06,109585.39,109423.21,109509.91,216.27847,binance,BTCUSDT,1h
2025-09-28 09:00:00+00:00,109509.91,109559.89,109323.88,109519.42,209.63846,binance,BTCUSDT,1h
2025-09-28 10:00:00+00:00,109519.43,109519.43,109368.43,109368.44,143.70537,binance,BTCUSDT,1h
2025-09-28 11:00:00+00:00,109368.43,109447.28,109250.0,109369.02,293.31231,binance,BTCUSDT,1h
2025-09-28 12:00:00+00:00,109369.02,110037.93,109189.99,110037.93,1349.20291,binance,BTCUSDT,4h
2025-09-28 13:00:00+00:00,109314.99,109668.98,109314.98,109639.0,332.00919,binance,BTCUSDT,1h
2025-09-28 14:00:00+00:00,109639.0,109888.0,109502.56,109850.01,370.11862,binance,BTCUSDT,1h
2025-09-28 15:00:00+00:00,109850.0,110037.93,109712.23,110037.93,338.92347,binance,BTCUSDT,1h
2025-09-28 16:00:00+00:00,110037.92,110393.63,110008.54,110337.6,1215.77694,binance,BTCUSDT,4h
2025-09-28 17:00:00+00:00,110222.01,110377.05,110130.26,110203.52,374.79675,binance,BTCUSDT,1h
2025-09-28 18:00:00+00:00,110203.53,110293.56,110060.88,110293.56,140.49771,binance,BTCUSDT,1h
2025-09-28 19:00:00+00:00,110293.56,110388.46,110119.71,110337.6,184.24395,binance,BTCUSDT,1h
2025-09-28 20:00:00+00:00,110337.61,112350.0,110294.78,112163.95,2723.21811,binance,BTCUSDT,4h
2025-09-28 21:00:00+00:00,110803.8,110896.33,110640.81,110833.99,275.55071,binance,BTCUSDT,1h
2025-09-28 22:00:00+00:00,110833.99,112014.0,110833.99,111938.51,1130.21918,binance,BTCUSDT,1h
2025-09-28 23:00:00+00:00,111938.51,112350.0,111938.51,112163.95,807.38282,binance,BTCUSDT,1h
2025-09-29 00:00:00+00:00,112163.96,112310.0,111588.07,111857.51,2297.47362,binance,BTCUSDT,4h
2025-09-29 01:00:00+00:00,112260.57,112310.0,111721.79,111855.3,649.21896,binance,BTCUSDT,1h
2025-09-29 02:00:00+00:00,111855.3,112022.27,111632.72,111750.02,621.54504,binance,BTCUSDT,1h
2025-09-29 03:00:00+00:00,111750.02,111857.51,111588.07,111857.51,310.12302,binance,BTCUSDT,1h
2025-09-29 04:00:00+00:00,111857.51,111904.34,111560.65,111865.95,1831.36016,binance,BTCUSDT,4h
2025-09-29 05:00:00+00:00,111812.01,111812.01,111575.38,111753.34,348.73721,binance,BTCUSDT,1h
2025-09-29 06:00:00+00:00,111753.34,111850.0,111624.0,111632.83,334.53443,binance,BTCUSDT,1h
2025-09-29 07:00:00+00:00,111632.83,111865.96,111560.65,111865.95,869.2909,binance,BTCUSDT,1h
2025-09-29 08:00:00+00:00,111865.96,112421.99,111865.95,112100.0,2126.24195,binance,BTCUSDT,4h
2025-09-29 09:00:00+00:00,112099.74,112219.0,111988.13,112110.9,460.23123,binance,BTCUSDT,1h
2025-09-29 10:00:00+00:00,112110.9,112225.0,112012.73,112090.18,476.12298,binance,BTCUSDT,1h
2025-09-29 11:00:00+00:00,112090.19,112112.86,111923.13,112100.0,401.91096,binance,BTCUSDT,1h
2025-09-29 12:00:00+00:00,112100.0,112515.0,111940.0,112022.16,744.63691,binance,BTCUSDT,1h
2025-09-29 13:00:00+00:00,112022.0,113490.0,111901.26,113227.29,1670.66371,binance,BTCUSDT,1h
2025-09-29 14:00:00+00:00,113227.29,114231.56,113220.21,114033.53,1791.07159,binance,BTCUSDT,1h
2025-09-29 15:00:00+00:00,114033.54,114127.13,113686.06,113815.57,858.42631,binance,BTCUSDT,1h
2025-09-29 16:00:00+00:00,113815.57,114053.0,113600.0,113626.15,728.01207,binance,BTCUSDT,1h
2025-09-29 17:00:00+00:00,113626.15,114151.0,113449.74,114043.91,843.56729,binance,BTCUSDT,1h
2025-09-29 18:00:00+00:00,114043.92,114137.73,113867.02,114008.79,396.89151,binance,BTCUSDT,1h
2025-09-29 19:00:00+00:00,114008.78,114390.93,113848.63,114265.55,747.93438,binance,BTCUSDT,1h
2025-09-29 20:00:00+00:00,114265.56,114400.0,114020.0,114311.96,1504.84055,binance,BTCUSDT,4h
2025-09-29 21:00:00+00:00,114258.29,114329.8,114095.36,114176.73,218.26557,binance,BTCUSDT,1h
2025-09-29 22:00:00+00:00,114176.72,114216.41,114020.0,114189.81,443.81221,binance,BTCUSDT,1h
2025-09-29 23:00:00+00:00,114189.8,114395.92,114189.8,114311.96,345.31333,binance,BTCUSDT,1h
2025-09-30 00:00:00+00:00,114311.97,114758.0,114040.35,114525.97,953.85322,binance,BTCUSDT,1h
2025-09-30 01:00:00+00:00,114525.97,114792.0,114255.38,114500.31,766.2566,binance,BTCUSDT,1h
2025-09-30 02:00:00+00:00,114500.32,114583.19,114360.0,114455.96,385.99253,binance,BTCUSDT,1h
2025-09-30 03:00:00+00:00,114455.96,114514.5,114303.06,114376.39,388.27883,binance,BTCUSDT,1h
2025-09-30 04:00:00+00:00,114376.39,114376.4,114091.62,114091.63,355.43204,binance,BTCUSDT,1h
2025-09-30 05:00:00+00:00,114091.63,114205.17,113827.24,113904.0,698.31455,binance,BTCUSDT,1h
2025-09-30 06:00:00+00:00,113904.0,114084.22,113838.41,113891.64,527.62041,binance,BTCUSDT,1h
2025-09-30 07:00:00+00:00,113891.64,113994.61,113585.0,113699.23,745.45417,binance,BTCUSDT,1h
2025-09-30 08:00:00+00:00,113699.24,113741.37,113350.35,113451.89,653.46315,binance,BTCUSDT,1h
2025-09-30 09:00:00+00:00,113451.89,113451.89,112731.41,112781.97,995.05591,binance,BTCUSDT,1h
2025-09-30 10:00:00+00:00,112781.97,113085.23,112656.27,112923.49,721.99583,binance,BTCUSDT,1h
2025-09-30 11:00:00+00:00,112923.5,113135.44,112810.62,113055.01,498.77683,binance,BTCUSDT,1h
2025-09-30 12:00:00+00:00,113055.0,113677.23,112866.11,113106.16,2840.28661,binance,BTCUSDT,4h
2025-09-30 13:00:00+00:00,113002.06,113677.23,112866.11,113404.53,823.64679,binance,BTCUSDT,1h
2025-09-30 14:00:00+00:00,113404.53,113630.13,112900.0,113595.05,910.17644,binance,BTCUSDT,1h
2025-09-30 15:00:00+00:00,113595.04,113598.27,112919.95,113106.16,758.86878,binance,BTCUSDT,1h
2025-09-30 16:00:00+00:00,113106.15,114563.46,112800.0,114359.99,2535.88761,binance,BTCUSDT,4h
2025-09-30 17:00:00+00:00,112841.23,113503.99,112813.82,113246.11,745.57241,binance,BTCUSDT,1h
2025-09-30 18:00:00+00:00,113246.12,113714.56,113177.37,113714.56,431.8583,binance,BTCUSDT,1h
2025-09-30 19:00:00+00:00,113714.55,114563.46,113702.01,114359.99,971.66803,binance,BTCUSDT,1h
2025-09-30 20:00:00+00:00,114359.99,114723.57,114110.09,114626.36,710.64838,binance,BTCUSDT,1h
2025-09-30 21:00:00+00:00,114626.36,114754.87,114136.5,114161.0,649.46746,binance,BTCUSDT,1h
2025-09-30 22:00:00+00:00,114161.0,114356.98,113883.01,113940.39,348.9346,binance,BTCUSDT,1h
2025-09-30 23:00:00+00:00,113940.4,114048.94,113765.42,114048.93,268.4376,binance,BTCUSDT,1h
2025-10-01 00:00:00+00:00,114048.94,114308.0,113966.67,114239.53,434.59016,binance,BTCUSDT,1h
2025-10-01 01:00:00+00:00,114239.53,114550.0,114142.99,114549.99,597.2536,binance,BTCUSDT,1h
2025-10-01 02:00:00+00:00,114549.99,114551.76,114272.15,114272.15,508.42422,binance,BTCUSDT,1h
2025-10-01 03:00:00+00:00,114272.16,114530.48,114096.58,114176.92,502.30318,binance,BTCUSDT,1h
2025-10-01 04:00:00+00:00,114176.93,114700.0,114151.0,114289.01,597.89328,binance,BTCUSDT,1h
2025-10-01 05:00:00+00:00,114289.02,114740.0,114265.63,114569.84,559.75519,binance,BTCUSDT,1h
2025-10-01 06:00:00+00:00,114569.84,114624.3,114224.88,114256.81,392.52281,binance,BTCUSDT,1h
2025-10-01 07:00:00+00:00,114256.82,114584.35,114236.59,114539.02,446.26236,binance,BTCUSDT,1h
2025-10-01 08:00:00+00:00,114539.02,116795.85,114484.43,116789.58,5217.93036,binance,BTCUSDT,4h
2025-10-01 09:00:00+00:00,116111.27,116529.93,115950.0,116412.1,1081.73774,binance,BTCUSDT,1h
2025-10-01 10:00:00+00:00,116412.1,116551.0,116203.5,116281.64,549.64831,binance,BTCUSDT,1h
2025-10-01 11:00:00+00:00,116281.64,116795.85,116269.0,116789.58,642.47832,binance,BTCUSDT,1h
2025-10-01 12:00:00+00:00,116789.57,117649.99,116363.38,117423.73,4518.346,binance,BTCUSDT,4h
2025-10-01 13:00:00+00:00,116402.65,116843.73,116399.5,116806.96,1233.59755,binance,BTCUSDT,1h
2025-10-01 14:00:00+00:00,116806.96,117441.26,116704.74,117292.74,1631.53193,binance,BTCUSDT,1h
2025-10-01 15:00:00+00:00,117292.73,117649.99,117091.84,117423.73,1008.01671,binance,BTCUSDT,1h
2025-10-01 16:00:00+00:00,117423.73,118199.0,116724.56,117439.53,3814.32316,binance,BTCUSDT,4h
2025-10-01 17:00:00+00:00,117535.79,117681.27,116724.56,116768.07,962.36022,binance,BTCUSDT,1h
2025-10-01 18:00:00+00:00,116768.08,117339.09,116768.07,117234.01,528.26692,binance,BTCUSDT,1h
2025-10-01 19:00:00+00:00,117234.01,117623.59,117214.8,117439.53,483.28734,binance,BTCUSDT,1h
2025-10-01 20:00:00+00:00,117439.53,117542.24,117163.25,117536.12,412.83403,binance,BTCUSDT,1h
2025-10-01 21:00:00+00:00,117536.13,117579.43,117339.54,117554.96,278.91184,binance,BTCUSDT,1h
2025-10-01 22:00:00+00:00,117554.95,118080.0,117554.95,117745.39,593.82096,binance,BTCUSDT,1h
2025-10-01 23:00:00+00:00,117745.39,118649.1,117686.28,118594.99,1161.22401,binance,BTCUSDT,1h
2025-10-02 00:00:00+00:00,118594.99,121022.07,118279.31,120529.35,19670.83503,binance,BTCUSDT,1d
2025-10-02 01:00:00+00:00,118428.46,118894.12,118368.05,118617.37,734.6179,binance,BTCUSDT,1h
2025-10-02 02:00:00+00:00,118617.37,118784.87,118483.39,118753.73,644.14993,binance,BTCUSDT,1h
2025-10-02 03:00:00+00:00,118753.73,119058.82,118688.61,118733.99,595.85707,binance,BTCUSDT,1h
2025-10-02 04:00:00+00:00,118733.99,118930.29,118279.31,118489.76,1772.36438,binance,BTCUSDT,4h
2025-10-02 05:00:00+00:00,118662.04,118677.32,118279.31,118377.34,484.81157,binance,BTCUSDT,1h
2025-10-02 06:00:00+00:00,118377.34,118672.34,118295.87,118649.06,380.89847,binance,BTCUSDT,1h
2025-10-02 07:00:00+00:00,118649.07,118678.98,118424.0,118489.76,496.19299,binance,BTCUSDT,1h
2025-10-02 08:00:00+00:00,118489.76,118680.0,118354.61,118668.89,309.01675,binance,BTCUSDT,1h
2025-10-02 09:00:00+00:00,118668.89,118850.0,118567.0,118849.99,343.02582,binance,BTCUSDT,1h
2025-10-02 10:00:00+00:00,118849.99,118926.49,118567.85,118619.56,393.64914,binance,BTCUSDT,1h
2025-10-02 11:00:00+00:00,118619.55,118900.01,118537.1,118765.73,414.31674,binance,BTCUSDT,1h
2025-10-02 12:00:00+00:00,118765.72,119402.43,118742.91,119402.42,924.16679,binance,BTCUSDT,1h
2025-10-02 13:00:00+00:00,119402.43,119761.36,118933.25,119621.2,1531.32643,binance,BTCUSDT,1h
2025-10-02 14:00:00+00:00,119621.19,119788.0,118642.2,118814.09,1237.9215,binance,BTCUSDT,1h
2025-10-02 15:00:00+00:00,118814.09,119910.79,118516.39,119910.78,1405.75154,binance,BTCUSDT,1h
2025-10-02 16:00:00+00:00,119910.78,121022.07,119359.63,120836.49,4869.11141,binance,BTCUSDT,4h
2025-10-02 17:00:00+00:00,119731.4,119956.84,119359.63,119917.52,625.48952,binance,BTCUSDT,1h
2025-10-02 18:00:00+00:00,119917.52,120663.96,119907.01,120506.61,1340.0858,binance,BTCUSDT,1h
2025-10-02 19:00:00+00:00,120506.6,121022.07,120439.97,120836.49,1332.75893,binance,BTCUSDT,1h
2025-10-02 20:00:00+00:00,120836.49,120914.0,120306.02,120652.01,833.01817,binance,BTCUSDT,1h
2025-10-02 21:00:00+00:00,120652.01,120774.97,120141.72,120150.1,546.60875,binance,BTCUSDT,1h
2025-10-02 22:00:00+00:00,120150.1,120412.24,120072.46,120257.49,379.08266,binance,BTCUSDT,1h
2025-10-02 23:00:00+00:00,120257.49,120680.35,120251.81,120529.35,524.1272,binance,BTCUSDT,1h
2025-10-03 00:00:00+00:00,120529.35,120550.9,119820.0,120225.89,2268.65523,binance,BTCUSDT,4h
2025-10-03 01:00:00+00:00,120132.8,120293.68,119820.0,119875.72,537.61051,binance,BTCUSDT,1h
2025-10-03 02:00:00+00:00,119875.72,120269.11,119866.18,120157.82,451.19476,binance,BTCUSDT,1h
2025-10-03 03:00:00+00:00,120157.82,120472.12,120157.82,120225.89,503.41637,binance,BTCUSDT,1h
2025-10-03 04:00:00+00:00,120225.88,120324.53,120000.4,120039.98,289.32576,binance,BTCUSDT,1h
2025-10-03 05:00:00+00:00,120039.98,120065.41,119746.81,119920.4,454.732,binance,BTCUSDT,1h
2025-10-03 06:00:00+00:00,119920.41,120075.62,119765.99,119916.93,356.16347,binance,BTCUSDT,1h
2025-10-03 07:00:00+00:00,119916.94,120011.05,119610.59,119640.21,1193.694,binance,BTCUSDT,1h
2025-10-03 08:00:00+00:00,119640.22,120515.89,119248.3,120334.5,3467.40526,binance,BTCUSDT,4h
2025-10-03 09:00:00+00:00,120038.6,120365.35,120008.6,120300.0,1073.47178,binance,BTCUSDT,1h
2025-10-03 10:00:00+00:00,120300.01,120515.89,120271.18,120425.95,575.58075,binance,BTCUSDT,1h
2025-10-03 11:00:00+00:00,120425.95,120471.0,120130.76,120334.5,450.30439,binance,BTCUSDT,1h
2025-10-03 12:00:00+00:00,120334.51,122366.0,119881.24,122258.05,4929.42106,binance,BTCUSDT,4h
2025-10-03 13:00:00+00:00,120358.07,120691.44,120113.0,120374.73,795.86923,binance,BTCUSDT,1h
2025-10-03 14:00:00+00:00,120374.72,120975.0,119881.24,120917.85,1151.84039,binance,BTCUSDT,1h
2025-10-03 15:00:00+00:00,120917.1,122366.0,120641.27,122258.05,2558.07247,binance,BTCUSDT,1h
2025-10-03 16:00:00+00:00,122258.04,123894.99,122258.04,122553.3,4679.2754,binance,BTCUSDT,1h
2025-10-03 17:00:00+00:00,122553.3,123113.97,121603.42,122073.25,2932.08887,binance,BTCUSDT,1h
2025-10-03 18:00:00+00:00,122073.26,122732.12,121466.25,122538.46,1175.09154,binance,BTCUSDT,1h
2025-10-03 19:00:00+00:00,122538.46,122961.63,122355.08,122660.99,661.21371,binance,BTCUSDT,1h
2025-10-03 20:00:00+00:00,122661.0,122734.92,122037.43,122447.94,617.65815,binance,BTCUSDT,1h
2025-10-03 21:00:00+00:00,122447.94,122452.1,121999.33,122306.57,392.75542,binance,BTCUSDT,1h
2025-10-03 22:00:00+00:00,122306.57,122665.0,122306.56,122477.0,227.9953,binance,BTCUSDT,1h
2025-10-03 23:00:00+00:00,122477.0,122477.0,122180.79,122232.0,290.85283,binance,BTCUSDT,1h
2025-10-04 00:00:00+00:00,122232.21,122800.0,121510.0,122391.0,8208.16678,binance,BTCUSDT,1d
2025-10-04 01:00:00+00:00,122100.0,122103.24,121698.8,121865.21,486.29697,binance,BTCUSDT,1h
2025-10-04 02:00:00+00:00,121865.22,122030.0,121684.97,121854.53,443.51459,binance,BTCUSDT,1h
2025-10-04 03:00:00+00:00,121854.53,122325.6,121829.54,122243.99,356.40352,binance,BTCUSDT,1h
2025-10-04 04:00:00+00:00,122243.99,122800.0,122219.3,122324.08,1516.17531,binance,BTCUSDT,4h
2025-10-04 05:00:00+00:00,122495.01,122800.0,122405.64,122522.7,588.87932,binance,BTCUSDT,1h
2025-10-04 06:00:00+00:00,122522.7,122606.86,122373.9,122430.27,358.53969,binance,BTCUSDT,1h
2025-10-04 07:00:00+00:00,122430.27,122455.0,122259.98,122324.08,253.33958,binance,BTCUSDT,1h
2025-10-04 08:00:00+00:00,122324.08,122539.83,121962.81,121973.26,1268.73633,binance,BTCUSDT,4h
2025-10-04 09:00:00+00:00,122267.58,122457.17,122186.03,122208.78,244.01487,binance,BTCUSDT,1h
2025-10-04 10:00:00+00:00,122208.79,122331.01,122099.69,122129.53,208.78248,binance,BTCUSDT,1h
2025-10-04 11:00:00+00:00,122129.53,122215.97,121962.81,121973.26,316.89688,binance,BTCUSDT,1h
2025-10-04 12:00:00+00:00,121973.26,122509.52,121698.88,121791.31,1464.05666,binance,BTCUSDT,4h
2025-10-04 13:00:00+00:00,122005.62,122509.52,122005.62,122385.42,319.16828,binance,BTCUSDT,1h
2025-10-04 14:00:00+00:00,122385.42,122459.98,122000.0,122000.01,229.86148,binance,BTCUSDT,1h
2025-10-04 15:00:00+00:00,122000.01,122144.28,121698.88,121791.31,700.83126,binance,BTCUSDT,1h
2025-10-04 16:00:00+00:00,121791.31,121964.95,121595.67,121719.99,652.05349,binance,BTCUSDT,1h
2025-10-04 17:00:00+00:00,121720.0,121910.24,121660.57,121747.37,289.33463,binance,BTCUSDT,1h
2025-10-04 18:00:00+00:00,121747.36,121829.69,121510.0,121574.66,288.12119,binance,BTCUSDT,1h
2025-10-04 19:00:00+00:00,121574.66,121959.25,121574.65,121959.25,213.72533,binance,BTCUSDT,1h
2025-10-04 20:00:00+00:00,121959.25,122079.65,121891.49,121892.89,211.24587,binance,BTCUSDT,1h
2025-10-04 21:00:00+00:00,121892.89,122347.55,121871.01,122190.67,282.5404,binance,BTCUSDT,1h
2025-10-04 22:00:00+00:00,122190.67,122365.14,122139.98,122287.19,158.14137,binance,BTCUSDT,1h
2025-10-04 23:00:00+00:00,122287.19,122410.0,122214.0,122391.0,133.459,binance,BTCUSDT,1h
2025-10-05 00:00:00+00:00,122390.99,124362.28,122136.0,123776.22,4212.02615,binance,BTCUSDT,4h
2025-10-05 01:00:00+00:00,122157.71,122410.0,122136.0,122377.72,308.73428,binance,BTCUSDT,1h
2025-10-05 02:00:00+00:00,122377.71,124362.28,122342.0,124031.44,2633.63494,binance,BTCUSDT,1h
2025-10-05 03:00:00+00:00,124031.44,124173.0,123344.98,123776.22,1077.99134,binance,BTCUSDT,1h
2025-10-05 04:00:00+00:00,123776.23,125708.42,123734.0,124713.63,7342.549203,binance,BTCUSDT,4h
2025-10-05 05:00:00+00:00,125172.81,125437.91,124876.72,125127.99,1956.24996,binance,BTCUSDT,1h
2025-10-05 06:00:00+00:00,125127.99,125225.54,124805.34,125000.01,821.20016,binance,BTCUSDT,1h
2025-10-05 07:00:00+00:00,125000.01,125164.26,124622.6,124713.63,898.02731,binance,BTCUSDT,1h
2025-10-05 08:00:00+00:00,124713.63,124838.37,122520.24,123464.64,4455.30964,binance,BTCUSDT,4h
2025-10-05 09:00:00+00:00,124596.0,124665.37,122789.35,123020.5,2214.92936,binance,BTCUSDT,1h
2025-10-05 10:00:00+00:00,123020.51,123130.0,122520.24,123028.01,993.89021,binance,BTCUSDT,1h
2025-10-05 11:00:00+00:00,123028.01,123538.46,122850.0,123464.64,714.20213,binance,BTCUSDT,1h
2025-10-05 12:00:00+00:00,123464.64,123464.65,122927.17,123085.88,573.79261,binance,BTCUSDT,1h
2025-10-05 13:00:00+00:00,123085.89,123358.83,123070.46,123161.39,684.83212,binance,BTCUSDT,1h
2025-10-05 14:00:00+00:00,123161.4,123339.42,122770.32,123034.67,553.48643,binance,BTCUSDT,1h
2025-10-05 15:00:00+00:00,123034.67,123034.67,122675.0,122803.17,420.97888,binance,BTCUSDT,1h
2025-10-05 16:00:00+00:00,122803.17,123348.45,122301.63,123265.54,1014.58046,binance,BTCUSDT,1h
2025-10-05 17:00:00+00:00,123265.55,123464.0,122890.38,123057.05,390.32827,binance,BTCUSDT,1h
2025-10-05 18:00:00+00:00,123057.05,123220.3,122856.05,122999.44,586.52026,binance,BTCUSDT,1h
2025-10-05 19:00:00+00:00,122999.44,123026.0,122500.0,122591.79,394.73151,binance,BTCUSDT,1h
2025-10-05 20:00:00+00:00,122591.8,123548.83,122473.62,123482.31,1413.96202,binance,BTCUSDT,4h
2025-10-05 21:00:00+00:00,122705.31,122801.44,122489.85,122729.99,239.86372,binance,BTCUSDT,1h
2025-10-05 22:00:00+00:00,122730.0,123278.76,122730.0,123237.4,329.01936,binance,BTCUSDT,1h
2025-10-05 23:00:00+00:00,123237.4,123548.83,123219.62,123482.31,497.37068,binance,BTCUSDT,1h
2025-10-06 00:00:00+00:00,123482.32,124358.46,123084.0,123839.09,3025.28443,binance,BTCUSDT,4h
2025-10-06 01:00:00+00:00,123347.29,124239.7,123192.01,124035.32,720.59287,binance,BTCUSDT,1h
2025-10-06 02:00:00+00:00,124035.33,124244.93,123476.04,124110.61,696.06889,binance,BTCUSDT,1h
2025-10-06 03:00:00+00:00,124110.61,124126.31,123742.64,123839.09,303.52731,binance,BTCUSDT,1h
2025-10-06 04:00:00+00:00,123839.09,124165.56,123280.49,123390.47,2210.62835,binance,BTCUSDT,4h
2025-10-06 05:00:00+00:00,123580.27,123750.0,123294.93,123586.0,558.79238,binance,BTCUSDT,1h
2025-10-06 06:00:00+00:00,123586.01,124165.56,123586.0,123947.9,527.83575,binance,BTCUSDT,1h
2025-10-06 07:00:00+00:00,123947.91,124035.89,123280.49,123390.47,749.33011,binance,BTCUSDT,1h
2025-10-06 08:00:00+00:00,123390.47,123880.0,123390.46,123846.55,556.77898,binance,BTCUSDT,1h
2025-10-06 09:00:00+00:00,123846.56,124056.73,123779.31,123955.3,791.39727,binance,BTCUSDT,1h
2025-10-06 10:00:00+00:00,123955.29,124142.85,123899.42,123978.0,459.97878,binance,BTCUSDT,1h
2025-10-06 11:00:00+00:00,123978.0,124531.66,123735.73,124215.0,960.05678,binance,BTCUSDT,1h
2025-10-06 12:00:00+00:00,124215.0,125408.29,124178.0,125000.0,4567.6948,binance,BTCUSDT,4h
2025-10-06 13:00:00+00:00,124556.65,125079.85,124385.74,125031.33,1406.49106,binance,BTCUSDT,1h
2025-10-06 14:00:00+00:00,125031.34,125330.0,124339.38,124530.0,1331.91784,binance,BTCUSDT,1h
2025-10-06 15:00:00+00:00,124529.99,125408.29,124513.35,125000.0,852.17645,binance,BTCUSDT,1h
2025-10-06 16:00:00+00:00,125000.0,126199.63,124800.0,125410.81,4722.172353,binance,BTCUSDT,4h
2025-10-06 17:00:00+00:00,125455.25,125819.2,125126.67,125284.0,1451.39316,binance,BTCUSDT,1h
2025-10-06 18:00:00+00:00,125284.01,126199.63,125044.46,126011.18,1439.873253,binance,BTCUSDT,1h
2025-10-06 19:00:00+00:00,126011.18,126134.71,125252.74,125410.81,919.42008,binance,BTCUSDT,1h
2025-10-06 20:00:00+00:00,125410.8,125534.0,124511.15,124658.54,2200.63705,binance,BTCUSDT,4h
2025-10-06 21:00:00+00:00,125211.03,125268.5,124511.15,125097.85,907.58302,binance,BTCUSDT,1h
2025-10-06 22:00:00+00:00,125097.86,125298.43,124784.41,125039.13,416.67058,binance,BTCUSDT,1h
2025-10-06 23:00:00+00:00,125039.13,125100.0,124628.0,124658.54,364.0631,binance,BTCUSDT,1h
2025-10-07 00:00:00+00:00,124658.54,124925.14,124600.0,124900.93,399.28672,binance,BTCUSDT,1h
2025-10-07 01:00:00+00:00,124900.93,125082.27,124442.87,124699.99,470.23469,binance,BTCUSDT,1h
2025-10-07 02:00:00+00:00,124699.99,124700.0,124159.22,124259.9,524.92821,binance,BTCUSDT,1h
2025-10-07 03:00:00+00:00,124259.91,124568.44,124101.26,124329.74,379.16017,binance,BTCUSDT,1h
2025-10-07 04:00:00+00:00,124329.74,124654.47,124109.1,124500.0,438.34342,binance,BTCUSDT,1h
2025-10-07 05:00:00+00:00,124499.99,124640.76,124240.37,124414.17,424.20697,binance,BTCUSDT,1h
2025-10-07 06:00:00+00:00,124414.17,124460.0,123800.0,123890.84,862.57843,binance,BTCUSDT,1h
2025-10-07 07:00:00+00:00,123890.84,124038.0,123567.6,123667.99,730.09708,binance,BTCUSDT,1h
2025-10-07 08:00:00+00:00,123668.0,124509.6,123322.9,124453.38,2444.73415,binance,BTCUSDT,4h
2025-10-07 09:00:00+00:00,123861.75,124246.64,123861.74,124117.48,423.70195,binance,BTCUSDT,1h
2025-10-07 10:00:00+00:00,124117.48,124413.75,124020.0,124282.19,385.65308,binance,BTCUSDT,1h
2025-10-07 11:00:00+00:00,124282.18,124509.6,124179.99,124453.38,462.44628,binance,BTCUSDT,1h
2025-10-07 12:00:00+00:00,124453.37,125126.0,124340.0,124917.99,747.53263,binance,BTCUSDT,1h
2025-10-07 13:00:00+00:00,124918.0,125046.16,123288.0,123891.68,1734.891,binance,BTCUSDT,1h
2025-10-07 14:00:00+00:00,123891.68,124000.0,122568.0,122725.36,2078.9177,binance,BTCUSDT,1h
2025-10-07 15:00:00+00:00,122725.36,122865.36,121172.89,121846.01,2798.67322,binance,BTCUSDT,1h
2025-10-07 16:00:00+00:00,121846.01,122084.14,120574.94,121637.17,5726.896,binance,BTCUSDT,4h
2025-10-07 17:00:00+00:00,121684.17,121822.58,121100.0,121130.02,1241.13249,binance,BTCUSDT,1h
2025-10-07 18:00:00+00:00,121130.02,121306.13,120574.94,120895.37,1099.60495,binance,BTCUSDT,1h
2025-10-07 19:00:00+00:00,120895.37,122027.3,120860.46,121637.17,1334.54837,binance,BTCUSDT,1h
2025-10-07 20:00:00+00:00,121637.18,122292.62,121258.08,121332.95,1873.51346,binance,BTCUSDT,4h
2025-10-07 21:00:00+00:00,121943.61,122292.62,121765.9,122016.0,397.91117,binance,BTCUSDT,1h
2025-10-07 22:00:00+00:00,122016.0,122173.5,121797.6,122011.17,404.31119,binance,BTCUSDT,1h
2025-10-07 23:00:00+00:00,122011.17,122022.88,121258.08,121332.95,577.66296,binance,BTCUSDT,1h
2025-10-08 00:00:00+00:00,121332.96,122229.66,121200.0,121374.75,2406.76826,binance,BTCUSDT,4h
2025-10-08 01:00:00+00:00,121914.09,122056.0,121605.75,121950.01,519.56378,binance,BTCUSDT,1h
2025-10-08 02:00:00+00:00,121950.0,122229.66,121825.74,122048.28,534.11266,binance,BTCUSDT,1h
2025-10-08 03:00:00+00:00,122048.28,122048.28,121200.0,121374.75,701.35291,binance,BTCUSDT,1h
2025-10-08 04:00:00+00:00,121374.76,121910.24,121066.14,121900.0,712.4618,binance,BTCUSDT,1h
2025-10-08 05:00:00+00:00,121900.01,121900.01,121173.86,121374.01,708.85271,binance,BTCUSDT,1h
2025-10-08 06:00:00+00:00,121374.02,121841.54,121068.96,121784.29,552.19718,binance,BTCUSDT,1h
2025-10-08 07:00:00+00:00,121784.3,121872.37,121311.91,121597.06,697.34775,binance,BTCUSDT,1h
2025-10-08 08:00:00+00:00,121597.05,123200.0,121524.01,122884.14,3408.74044,binance,BTCUSDT,4h
2025-10-08 09:00:00+00:00,122381.84,122644.0,122381.84,122516.98,474.15682,binance,BTCUSDT,1h
2025-10-08 10:00:00+00:00,122516.99,123100.0,122498.05,122934.6,654.29848,binance,BTCUSDT,1h
2025-10-08 11:00:00+00:00,122934.61,123200.0,122743.36,122884.14,817.9321,binance,BTCUSDT,1h
2025-10-08 12:00:00+00:00,122884.14,123350.0,121649.68,122189.72,3373.3683,binance,BTCUSDT,4h
2025-10-08 13:00:00+00:00,122631.52,122774.96,121649.68,122599.04,886.89853,binance,BTCUSDT,1h
2025-10-08 14:00:00+00:00,122599.04,123350.0,122112.16,122320.0,1462.74459,binance,BTCUSDT,1h
2025-10-08 15:00:00+00:00,122319.99,122622.55,121954.34,122189.72,559.46428,binance,BTCUSDT,1h
2025-10-08 16:00:00+00:00,122189.72,123129.23,122110.08,123051.03,641.94768,binance,BTCUSDT,1h
2025-10-08 17:00:00+00:00,123051.02,124164.36,122958.05,124033.19,1336.46427,binance,BTCUSDT,1h
2025-10-08 18:00:00+00:00,124033.19,124197.25,123415.58,123460.22,1152.35838,binance,BTCUSDT,1h
2025-10-08 19:00:00+00:00,123460.21,123759.94,123160.82,123450.0,664.75988,binance,BTCUSDT,1h
2025-10-08 20:00:00+00:00,123450.01,123737.0,122814.0,122856.69,673.60553,binance,BTCUSDT,1h
2025-10-08 21:00:00+00:00,122856.7,123332.01,122794.4,123277.33,261.93729,binance,BTCUSDT,1h
2025-10-08 22:00:00+00:00,123277.34,123416.73,123200.81,123200.82,132.25319,binance,BTCUSDT,1h
2025-10-08 23:00:00+00:00,123200.82,123537.11,123056.31,123306.0,289.55534,binance,BTCUSDT,1h
2025-10-09 00:00:00+00:00,123306.01,123348.32,122839.15,122839.15,383.1891,binance,BTCUSDT,1h
2025-10-09 01:00:00+00:00,122839.16,122857.32,122339.41,122548.23,649.56359,binance,BTCUSDT,1h
2025-10-09 02:00:00+00:00,122548.23,122548.23,121475.98,121617.81,831.85568,binance,BTCUSDT,1h
2025-10-09 03:00:00+00:00,121617.81,122120.28,121603.59,122038.01,454.57002,binance,BTCUSDT,1h
2025-10-09 04:00:00+00:00,122038.01,122264.0,121904.81,122144.7,328.47326,binance,BTCUSDT,1h
2025-10-09 05:00:00+00:00,122144.7,122196.99,121823.94,122100.92,394.74775,binance,BTCUSDT,1h
2025-10-09 06:00:00+00:00,122100.92,122185.98,121883.43,121957.32,336.40438,binance,BTCUSDT,1h
2025-10-09 07:00:00+00:00,121957.32,122067.61,121724.71,121906.1,391.52251,binance,BTCUSDT,1h
2025-10-09 08:00:00+00:00,121906.09,122833.02,121145.49,122737.57,2689.44106,binance,BTCUSDT,4h
2025-10-09 09:00:00+00:00,121261.62,121855.44,121261.62,121813.04,495.55613,binance,BTCUSDT,1h
2025-10-09 10:00:00+00:00,121813.04,122340.0,121650.22,122170.27,462.62367,binance,BTCUSDT,1h
2025-10-09 11:00:00+00:00,122170.26,122833.02,122170.26,122737.57,780.01914,binance,BTCUSDT,1h
2025-10-09 12:00:00+00:00,122737.56,123762.94,120673.99,121147.14,6566.062,binance,BTCUSDT,4h
2025-10-09 13:00:00+00:00,123563.38,123658.38,122277.76,122415.74,1233.13253,binance,BTCUSDT,1h
2025-10-09 14:00:00+00:00,122415.74,122608.0,120736.96,121315.0,2613.44219,binance,BTCUSDT,1h
2025-10-09 15:00:00+00:00,121315.01,121734.27,120673.99,121147.14,1236.17443,binance,BTCUSDT,1h
2025-10-09 16:00:00+00:00,121147.15,121481.9,119651.47,120951.72,6174.05969,binance,BTCUSDT,4h
2025-10-09 17:00:00+00:00,119819.76,121046.15,119651.47,120974.0,1671.39797,binance,BTCUSDT,1h
2025-10-09 18:00:00+00:00,120971.22,121100.0,120396.0,120649.32,956.31004,binance,BTCUSDT,1h
2025-10-09 19:00:00+00:00,120649.33,121108.12,120649.32,120951.72,714.9231,binance,BTCUSDT,1h
2025-10-09 20:00:00+00:00,120951.72,121900.0,120838.0,121662.4,2359.47103,binance,BTCUSDT,4h
2025-10-09 21:00:00+00:00,121109.08,121512.7,121065.77,121461.02,436.22306,binance,BTCUSDT,1h
2025-10-09 22:00:00+00:00,121461.03,121768.01,121411.55,121686.19,467.98367,binance,BTCUSDT,1h
2025-10-09 23:00:00+00:00,121686.19,121900.0,121341.22,121662.4,711.59334,binance,BTCUSDT,1h
2025-10-10 00:00:00+00:00,121662.41,121863.74,121595.75,121745.27,292.90359,binance,BTCUSDT,1h
2025-10-10 01:00:00+00:00,121745.26,121874.13,121489.06,121623.97,353.28358,binance,BTCUSDT,1h
2025-10-10 02:00:00+00:00,121623.96,121651.33,120900.0,121059.73,812.25118,binance,BTCUSDT,1h
2025-10-10 03:00:00+00:00,121059.73,121575.99,120909.15,121026.01,636.2431,binance,BTCUSDT,1h
2025-10-10 04:00:00+00:00,121026.0,121388.58,121018.33,121234.51,480.17378,binance,BTCUSDT,1h
2025-10-10 05:00:00+00:00,121234.52,121604.49,120986.08,121583.89,503.29572,binance,BTCUSDT,1h
2025-10-10 06:00:00+00:00,121583.89,121754.34,121265.26,121378.18,687.86577,binance,BTCUSDT,1h
2025-10-10 07:00:00+00:00,121378.19,121388.61,120855.41,120932.05,895.21452,binance,BTCUSDT,1h
2025-10-10 08:00:00+00:00,120932.05,121660.43,120916.44,121631.54,433.113,binance,BTCUSDT,1h
2025-10-10 09:00:00+00:00,121631.54,121777.07,121276.56,121314.73,473.35018,binance,BTCUSDT,1h
2025-10-10 10:00:00+00:00,121314.73,121543.59,121228.83,121496.33,289.70624,binance,BTCUSDT,1h
2025-10-10 11:00:00+00:00,121496.34,121661.62,121424.5,121554.55,357.66752,binance,BTCUSDT,1h
2025-10-10 12:00:00+00:00,121554.55,121682.42,121420.0,121597.21,288.32785,binance,BTCUSDT,1h
2025-10-10 13:00:00+00:00,121597.22,122550.0,121384.6,121684.2,1452.77007,binance,BTCUSDT,1h
2025-10-10 14:00:00+00:00,121684.18,122069.76,120479.2,120493.17,1335.80488,binance,BTCUSDT,1h
2025-10-10 15:00:00+00:00,120493.16,120626.55,118500.0,119018.98,4690.68973,binance,BTCUSDT,1h
2025-10-10 16:00:00+00:00,119018.99,119456.28,115952.47,116661.5,8454.54427,binance,BTCUSDT,4h
2025-10-10 17:00:00+00:00,118205.61,118427.51,117579.79,117623.8,2197.93519,binance,BTCUSDT,1h
2025-10-10 18:00:00+00:00,117623.8,117851.5,117237.0,117237.7,1448.7532,binance,BTCUSDT,1h
2025-10-10 19:00:00+00:00,117237.7,117341.92,115952.47,116661.5,2733.41302,binance,BTCUSDT,1h
2025-10-10 20:00:00+00:00,116661.5,117214.64,102000.0,112774.5,41734.73429,binance,BTCUSDT,4h
2025-10-10 21:00:00+00:00,114266.82,115112.69,102000.0,113451.86,22932.63034,binance,BTCUSDT,1h
2025-10-10 22:00:00+00:00,113451.87,114109.03,110879.69,113700.0,9370.17448,binance,BTCUSDT,1h
2025-10-10 23:00:00+00:00,113700.0,114807.41,112652.76,112774.5,4977.36911,binance,BTCUSDT,1h
2025-10-11 00:00:00+00:00,112774.49,113178.66,111620.3,112514.58,3620.32878,binance,BTCUSDT,1h
2025-10-11 01:00:00+00:00,112514.57,112530.01,111019.43,111095.37,2796.42603,binance,BTCUSDT,1h
2025-10-11 02:00:00+00:00,111095.38,113297.92,111082.0,113196.48,2926.55879,binance,BTCUSDT,1h
2025-10-11 03:00:00+00:00,113196.48,113322.39,111800.0,112300.01,2190.21309,binance,BTCUSDT,1h
2025-10-11 04:00:00+00:00,112300.0,112991.16,110090.29,110384.61,7142.76272,binance,BTCUSDT,4h
2025-10-11 05:00:00+00:00,112945.79,112945.79,111992.85,112389.48,1256.8701,binance,BTCUSDT,1h
2025-10-11 06:00:00+00:00,112389.48,112753.91,112000.0,112045.99,1208.64004,binance,BTCUSDT,1h
2025-10-11 07:00:00+00:00,112046.0,112084.61,110090.29,110384.61,3230.51321,binance,BTCUSDT,1h
2025-10-11 08:00:00+00:00,110384.6,111535.29,110162.23,111328.38,1981.19694,binance,BTCUSDT,1h
2025-10-11 09:00:00+00:00,111328.38,111887.19,111274.41,111642.78,1627.2836,binance,BTCUSDT,1h
2025-10-11 10:00:00+00:00,111642.78,112271.34,111621.77,112114.64,1350.7519,binance,BTCUSDT,1h
2025-10-11 11:00:00+00:00,112114.63,112359.67,111700.0,112280.0,969.90748,binance,BTCUSDT,1h
2025-10-11 12:00:00+00:00,112280.01,112500.0,111793.2,111793.2,3681.24351,binance,BTCUSDT,4h
2025-10-11 13:00:00+00:00,112380.13,112500.0,111890.33,112267.86,973.48531,binance,BTCUSDT,1h
2025-10-11 14:00:00+00:00,112267.86,112342.11,111890.29,111991.97,1058.55252,binance,BTCUSDT,1h
2025-10-11 15:00:00+00:00,111991.97,112385.93,111793.2,111793.2,651.64855,binance,BTCUSDT,1h
2025-10-11 16:00:00+00:00,111793.21,112089.92,111442.91,111846.18,834.57688,binance,BTCUSDT,1h
2025-10-11 17:00:00+00:00,111846.18,112185.53,111715.99,112005.57,678.72551,binance,BTCUSDT,1h
2025-10-11 18:00:00+00:00,112005.56,112025.4,111836.45,111955.27,292.78948,binance,BTCUSDT,1h
2025-10-11 19:00:00+00:00,111955.27,112025.4,110865.82,111178.31,1332.81972,binance,BTCUSDT,1h
2025-10-11 20:00:00+00:00,111178.3,111368.29,109653.65,110244.98,1752.53778,binance,BTCUSDT,1h
2025-10-11 21:00:00+00:00,110244.98,111000.0,109561.59,110893.54,1099.41658,binance,BTCUSDT,1h
2025-10-11 22:00:00+00:00,110893.55,111291.61,110652.0,111043.27,571.096,binance,BTCUSDT,1h
2025-10-11 23:00:00+00:00,111043.26,111114.46,110644.0,110644.4,599.88173,binance,BTCUSDT,1h
2025-10-12 00:00:00+00:00,110644.4,111368.14,109565.06,110676.0,4785.58424,binance,BTCUSDT,4h
2025-10-12 01:00:00+00:00,109641.54,110318.01,109641.46,109978.56,1205.41028,binance,BTCUSDT,1h
2025-10-12 02:00:00+00:00,109978.56,110708.89,109600.0,110119.02,1047.04823,binance,BTCUSDT,1h
2025-10-12 03:00:00+00:00,110119.02,111368.14,110002.2,110676.0,1361.57401,binance,BTCUSDT,1h
2025-10-12 04:00:00+00:00,110676.0,112125.51,110617.1,111525.2,2731.29761,binance,BTCUSDT,4h
2025-10-12 05:00:00+00:00,111524.87,111816.04,111188.0,111700.38,537.50918,binance,BTCUSDT,1h
2025-10-12 06:00:00+00:00,111700.38,112125.51,111616.0,111686.01,764.04714,binance,BTCUSDT,1h
2025-10-12 07:00:00+00:00,111686.02,111933.85,111491.09,111525.2,541.91728,binance,BTCUSDT,1h
2025-10-12 08:00:00+00:00,111525.19,112133.33,111139.87,111848.36,2810.82095,binance,BTCUSDT,4h
2025-10-12 09:00:00+00:00,111310.9,111920.01,111139.87,111837.04,596.04536,binance,BTCUSDT,1h
2025-10-12 10:00:00+00:00,111837.05,112026.63,111450.0,111651.64,536.97781,binance,BTCUSDT,1h
2025-10-12 11:00:00+00:00,111651.64,112133.33,111477.61,111848.36,1104.29864,binance,BTCUSDT,1h
2025-10-12 12:00:00+00:00,111848.35,112250.0,111555.0,111789.6,1014.55206,binance,BTCUSDT,1h
2025-10-12 13:00:00+00:00,111789.61,111934.51,111265.99,111297.52,1163.81644,binance,BTCUSDT,1h
2025-10-12 14:00:00+00:00,111297.51,112990.9,111177.75,112338.1,2798.771,binance,BTCUSDT,1h
2025-10-12 15:00:00+00:00,112338.11,113745.84,112078.0,113198.2,4043.27714,binance,BTCUSDT,1h
2025-10-12 16:00:00+00:00,113198.2,114700.0,113198.2,114069.35,3600.56207,binance,BTCUSDT,1h
2025-10-12 17:00:00+00:00,114069.35,114466.94,113516.38,113799.99,1614.34137,binance,BTCUSDT,1h
2025-10-12 18:00:00+00:00,113799.99,114236.87,113553.81,113878.93,817.9254,binance,BTCUSDT,1h
2025-10-12 19:00:00+00:00,113878.93,114396.69,113826.65,114342.28,602.52008,binance,BTCUSDT,1h
2025-10-12 20:00:00+00:00,114342.28,115770.0,114217.75,114958.8,6271.83436,binance,BTCUSDT,4h
2025-10-12 21:00:00+00:00,114927.97,115600.0,114217.75,114882.06,1611.66087,binance,BTCUSDT,1h
2025-10-12 22:00:00+00:00,114882.06,115770.0,114882.06,115221.4,1743.39625,binance,BTCUSDT,1h
2025-10-12 23:00:00+00:00,115221.4,115350.8,114733.65,114958.8,1099.4147,binance,BTCUSDT,1h
2025-10-13 00:00:00+00:00,114958.81,115963.81,113616.5,115031.69,22446.47478,binance,BTCUSDT,1d
2025-10-13 01:00:00+00:00,115280.83,115750.0,115079.18,115713.32,814.49823,binance,BTCUSDT,1h
2025-10-13 02:00:00+00:00,115713.31,115963.81,115001.62,115319.97,982.84078,binance,BTCUSDT,1h
2025-10-13 03:00:00+00:00,115319.98,115613.7,114619.45,114821.12,846.03241,binance,BTCUSDT,1h
2025-10-13 04:00:00+00:00,114821.13,115554.83,114398.24,115399.67,3437.01313,binance,BTCUSDT,4h
2025-10-13 05:00:00+00:00,114708.15,114834.7,114500.02,114611.82,834.97755,binance,BTCUSDT,1h
2025-10-13 06:00:00+00:00,114611.82,115379.84,114417.77,115221.22,599.41221,binance,BTCUSDT,1h
2025-10-13 07:00:00+00:00,115221.23,115554.83,115034.0,115399.67,916.61315,binance,BTCUSDT,1h
2025-10-13 08:00:00+00:00,115399.66,115438.17,115138.0,115254.23,644.85187,binance,BTCUSDT,1h
2025-10-13 09:00:00+00:00,115254.23,115254.23,114748.38,115127.04,1037.56556,binance,BTCUSDT,1h
2025-10-13 10:00:00+00:00,115127.05,115162.0,114740.34,114810.62,896.68402,binance,BTCUSDT,1h
2025-10-13 11:00:00+00:00,114810.61,114810.61,113616.5,114180.0,1981.76101,binance,BTCUSDT,1h
2025-10-13 12:00:00+00:00,114180.0,115530.0,113800.01,114312.1,5538.12887,binance,BTCUSDT,4h
2025-10-13 13:00:00+00:00,114412.25,115530.0,114220.07,115345.79,1815.19891,binance,BTCUSDT,1h
2025-10-13 14:00:00+00:00,115345.79,115476.18,113800.01,114036.63,1434.88366,binance,BTCUSDT,1h
2025-10-13 15:00:00+00:00,114036.63,114727.95,113968.02,114312.1,1078.57574,binance,BTCUSDT,1h
2025-10-13 16:00:00+00:00,114312.09,115174.0,114270.89,114669.24,985.04262,binance,BTCUSDT,1h
2025-10-13 17:00:00+00:00,114669.25,115053.43,114215.79,115040.55,669.90056,binance,BTCUSDT,1h
2025-10-13 18:00:00+00:00,115040.55,115377.48,114710.0,115160.63,724.92234,binance,BTCUSDT,1h
2025-10-13 19:00:00+00:00,115160.63,115891.3,115070.0,115792.84,989.05749,binance,BTCUSDT,1h
2025-10-13 20:00:00+00:00,115792.84,115868.0,115400.0,115713.37,419.35754,binance,BTCUSDT,1h
2025-10-13 21:00:00+00:00,115713.37,115786.04,115553.33,115700.0,221.7783,binance,BTCUSDT,1h
2025-10-13 22:00:00+00:00,115700.0,115835.04,115442.67,115507.19,332.95022,binance,BTCUSDT,1h
2025-10-13 23:00:00+00:00,115507.2,115507.2,115005.44,115031.68,443.8329,binance,BTCUSDT,1h
